tick,winner,reason,winning_team,round_num,tick_start,tick_end,bomb_planted,bomb_defused,bomb_exploded,match_id,map_name,total_kills,headshot_kills,avg_kill_distance,kill_distance_std,max_kill_distance,total_damage,most_common_weapon,smoke_kills,wallbang_kills,noscope_kills,first_kill_tick,last_kill_tick,headshot_rate,kill_duration,kill_tempo,first_kill_attacker_name,first_kill_weapon,first_kill_headshot,awp_kills,t_win,ct_win,prev_t_win,prev_ct_win,t_win_streak,t_score,ct_score,score_diff
0,0,0,0,1,0,0,False,False,False,ecstatic-vs-havu-m3-overpass,de_overpass,0.0,0.0,0.0,0.0,0.0,0.0,0,0.0,0.0,0.0,0.0,0.0,0.0,0.0,0.0,0,0,0,0.0,0,0,0.0,0.0,0.0,0.0,0.0,0.0
2463,CT,t_killed,CT,2,0,2463,False,False,False,ecstatic-vs-havu-m3-overpass,de_overpass,7.0,0.0,1.07216889,0.23028135025925894,1.5430012,385.0,knife_karambit,0.0,0.0,0.0,2249.0,2463.0,0.0,214.0,32.71028037383177,acoR,knife_butterfly,False,0.0,0,1,0.0,0.0,0.0,0.0,1.0,-1.0
9788,T,ct_killed,T,3,2463,9788,False,False,False,ecstatic-vs-havu-m3-overpass,de_overpass,9.0,6.0,12.677847244444445,9.231167768490517,34.352234,770.0,glock,0.0,0.0,0.0,8666.0,9788.0,0.6666666666666666,1122.0,8.02139037433155,Uli,glock,True,0.0,1,0,0.0,1.0,1.0,1.0,1.0,0.0
21010,T,bomb_exploded,T,4,9788,21010,True,False,True,ecstatic-vs-havu-m3-overpass,de_overpass,6.0,3.0,22.4488085,9.79001818482145,40.773598,597.0,ak47,0.0,1.0,0.0,15649.0,19715.0,0.5,4066.0,1.4756517461878995,acoR,ssg08,True,0.0,1,0,1.0,0.0,2.0,2.0,1.0,1.0
27484,T,ct_killed,T,5,21010,27484,True,False,False,ecstatic-vs-havu-m3-overpass,de_overpass,8.0,2.0,14.5413986125,10.301623857875496,36.545246,641.0,ak47,0.0,0.0,0.0,24613.0,27484.0,0.25,2871.0,2.7864855451062347,alxc,galilar,False,0.0,1,0,1.0,0.0,3.0,3.0,1.0,2.0
37309,CT,bomb_defused,CT,6,27484,37309,True,True,False,ecstatic-vs-havu-m3-overpass,de_overpass,9.0,4.0,14.82019,4.584469086944283,26.383587,579.0,m4a1_silencer,0.0,0.0,0.0,30537.0,36580.0,0.4444444444444444,6043.0,1.4893264934635115,alxc,ak47,True,0.0,0,1,1.0,0.0,0.0,3.0,2.0,1.0
48744,T,bomb_exploded,T,7,37309,48744,True,False,True,ecstatic-vs-havu-m3-overpass,de_overpass,4.0,3.0,21.067238,22.143269142352324,52.164623,424.0,ak47,0.0,0.0,0.0,44450.0,45569.0,0.75,1119.0,3.5746201966041107,sirah,m4a1_silencer,True,1.0,1,0,0.0,1.0,1.0,4.0,2.0,2.0
57710,T,bomb_exploded,T,8,48744,57710,True,False,True,ecstatic-vs-havu-m3-overpass,de_overpass,6.0,4.0,18.5213268,8.903084212777937,28.507484,509.0,ak47,0.0,1.0,0.0,52067.0,57160.0,0.6666666666666666,5093.0,1.178087571176124,sirah,fiveseven,True,0.0,1,0,1.0,0.0,2.0,5.0,2.0,3.0
68845,CT,bomb_defused,CT,9,57710,68845,True,True,False,ecstatic-vs-havu-m3-overpass,de_overpass,9.0,5.0,14.456542377777778,11.891316727293797,38.535473,800.0,m4a1_silencer,0.0,0.0,0.0,63335.0,68328.0,0.5555555555555556,4993.0,1.8025235329461247,acoR,awp,False,2.0,0,1,1.0,0.0,0.0,5.0,3.0,2.0
74826,CT,bomb_defused,CT,10,68845,74826,True,True,False,ecstatic-vs-havu-m3-overpass,de_overpass,7.0,2.0,21.53139357142857,8.08585357251356,38.554,345.0,m4a1_silencer,1.0,0.0,0.0,72580.0,74003.0,0.2857142857142857,1423.0,4.919184820801124,Anlelele,m4a1_silencer,False,0.0,0,1,0.0,1.0,0.0,5.0,4.0,1.0
83914,CT,time_ran_out,CT,11,74826,83914,False,False,False,ecstatic-vs-havu-m3-overpass,de_overpass,5.0,1.0,16.433332259999997,10.492084406797872,29.339836,546.0,awp,0.0,0.0,0.0,78480.0,80196.0,0.2,1716.0,2.913752913752914,acoR,awp,False,3.0,0,1,0.0,1.0,0.0,5.0,5.0,0.0
90775,CT,t_killed,CT,12,83914,90775,False,False,False,ecstatic-vs-havu-m3-overpass,de_overpass,7.0,2.0,17.22485807142857,7.655344648304404,26.23466,476.0,ak47,0.0,0.0,0.0,87115.0,90775.0,0.2857142857142857,3660.0,1.9125683060109289,acoR,awp,False,1.0,0,1,0.0,1.0,0.0,5.0,6.0,-1.0
101121,CT,bomb_defused,CT,13,90775,101121,True,True,False,ecstatic-vs-havu-m3-overpass,de_overpass,8.0,5.0,14.7304365625,7.922791490061439,30.404488,681.0,ak47,0.0,0.0,0.0,97426.0,100283.0,0.625,2857.0,2.80014000700035,TMB,m4a1_silencer,True,1.0,0,1,0.0,1.0,0.0,5.0,7.0,-2.0
108751,T,ct_killed,T,14,101121,108751,True,False,False,ecstatic-vs-havu-m3-overpass,de_overpass,5.0,3.0,13.005770000000002,4.442973115018927,19.113815,381.0,ak47,2.0,0.0,0.0,104886.0,108751.0,0.6,3865.0,1.29366106080207,alxc,ak47,True,0.0,1,0,0.0,1.0,1.0,6.0,7.0,-1.0
117782,CT,t_killed,CT,15,108751,117782,False,False,False,ecstatic-vs-havu-m3-overpass,de_overpass,8.0,7.0,20.048393625,6.628851916514437,27.259909,809.0,usp_silencer,0.0,0.0,0.0,114326.0,117782.0,0.875,3456.0,2.314814814814815,acoR,p250,True,0.0,0,1,1.0,0.0,0.0,6.0,8.0,-2.0
122730,CT,t_killed,CT,16,117782,122730,False,False,False,ecstatic-vs-havu-m3-overpass,de_overpass,6.0,4.0,30.771607166666666,12.570513647668983,48.449493,439.0,m4a1,0.0,1.0,0.0,121374.0,122730.0,0.6666666666666666,1356.0,4.424778761061947,alxc,m4a1,True,0.0,0,1,0.0,1.0,0.0,6.0,9.0,-3.0
132009,T,ct_killed,T,17,122730,132009,True,False,False,ecstatic-vs-havu-m3-overpass,de_overpass,8.0,5.0,13.598367125,5.59922930201772,20.098042,544.0,ak47,0.0,0.0,0.0,129333.0,132009.0,0.625,2676.0,2.9895366218236172,p3kko,mp9,True,0.0,1,0,0.0,1.0,1.0,7.0,9.0,-2.0
138761,CT,t_killed,CT,18,132009,138761,False,False,False,ecstatic-vs-havu-m3-overpass,de_overpass,7.0,3.0,18.245338,7.596846766427852,33.11906,717.0,awp,2.0,1.0,0.0,137300.0,138761.0,0.42857142857142855,1461.0,4.7912388774811765,puuha,m4a1,False,2.0,0,1,1.0,0.0,0.0,7.0,10.0,-3.0
145744,CT,t_killed,CT,19,138761,145744,False,False,False,ecstatic-vs-havu-m3-overpass,de_overpass,5.0,1.0,30.510535600000004,16.146409976816653,51.741882,494.0,awp,0.0,0.0,0.0,144509.0,145744.0,0.2,1235.0,4.048582995951417,ottob,awp,False,3.0,0,1,0.0,1.0,0.0,7.0,11.0,-4.0
155509,T,ct_killed,T,20,145744,155509,True,False,False,ecstatic-vs-havu-m3-overpass,de_overpass,8.0,3.0,15.84160345,11.94859416977379,36.841766,936.0,ak47,0.0,1.0,0.0,148830.0,155509.0,0.375,6679.0,1.1977840994160802,sirah,ak47,False,2.0,1,0,0.0,1.0,1.0,8.0,11.0,-3.0
163230,CT,t_killed,CT,21,155509,163230,False,False,False,ecstatic-vs-havu-m3-overpass,de_overpass,6.0,3.0,17.204159166666667,2.8784142538186144,22.368984,321.0,m4a1,0.0,0.0,0.0,162767.0,163230.0,0.5,463.0,12.958963282937365,p3kko,m4a1,True,0.0,0,1,1.0,0.0,0.0,8.0,12.0,-4.0
169091,CT,t_killed,CT,22,163230,169091,False,False,False,ecstatic-vs-havu-m3-overpass,de_overpass,5.0,2.0,20.4066656,10.24144020780226,36.612293,399.0,m4a1,1.0,1.0,0.0,166403.0,169091.0,0.4,2688.0,1.8601190476190474,Uli,ak47,True,1.0,0,1,0.0,1.0,0.0,8.0,13.0,-5.0
175052,T,ct_killed,T,23,169091,175052,False,False,False,ecstatic-vs-havu-m3-overpass,de_overpass,5.0,3.0,16.5460293,11.36626896825551,32.473194,377.0,ak47,0.0,0.0,0.0,172260.0,175052.0,0.6,2792.0,1.7908309455587395,nut nut,ak47,False,0.0,1,0,0.0,1.0,1.0,9.0,13.0,-4.0
185037,T,bomb_exploded,T,24,175052,185037,True,False,True,ecstatic-vs-havu-m3-overpass,de_overpass,5.0,3.0,23.70098,13.565058105445642,46.84651,501.0,ak47,1.0,0.0,0.0,179087.0,181906.0,0.6,2819.0,1.77367860943597,puuha,awp,False,1.0,1,0,1.0,0.0,2.0,10.0,13.0,-3.0
191967,T,bomb_exploded,T,25,185037,191967,True,False,True,ecstatic-vs-havu-m3-overpass,de_overpass,6.0,4.0,11.044537416666666,3.2233123949843336,15.001179,982.0,ak47,0.0,0.0,1.0,188352.0,191883.0,0.6666666666666666,3531.0,1.6992353440951573,sirah,ak47,True,2.0,1,0,1.0,0.0,3.0,11.0,13.0,-2.0
199225,T,ct_killed,T,26,191967,199225,True,False,False,ecstatic-vs-havu-m3-overpass,de_overpass,7.0,5.0,16.435181714285715,8.642363350617154,28.493246,823.0,ak47,1.0,1.0,0.0,191994.0,199225.0,0.7142857142857143,7231.0,0.968054211035818,ottob,awp,False,2.0,1,0,1.0,0.0,4.0,12.0,13.0,-1.0
208522,CT,bomb_defused,CT,27,199225,208522,True,True,False,ecstatic-vs-havu-m3-overpass,de_overpass,9.0,4.0,12.824567444444446,5.821088262724401,26.643139,696.0,ak47,0.0,0.0,0.0,202340.0,208123.0,0.4444444444444444,5783.0,1.5562856648798202,ottob,awp,False,1.0,0,1,1.0,0.0,0.0,12.0,14.0,-2.0
215963,CT,t_killed,CT,28,208522,215963,False,False,False,ecstatic-vs-havu-m3-overpass,de_overpass,7.0,2.0,9.390383985714285,6.291514157804682,22.636871,500.0,m4a1,0.0,0.0,0.0,214681.0,215963.0,0.2857142857142857,1282.0,5.46021840873635,TMB,ak47,True,2.0,0,1,0.0,1.0,0.0,12.0,15.0,-3.0
225214,CT,bomb_defused,CT,29,215963,225214,True,True,False,ecstatic-vs-havu-m3-overpass,de_overpass,7.0,4.0,23.200205085714284,12.040733380021466,35.2628,571.0,ak47,0.0,0.0,0.0,221969.0,224804.0,0.5714285714285714,2835.0,2.4691358024691357,ottob,deagle,True,0.0,0,1,0.0,1.0,0.0,12.0,16.0,-4.0
232787,CT,t_killed,CT,30,225214,232787,False,False,False,ecstatic-vs-havu-m3-overpass,de_overpass,5.0,1.0,22.240661080000002,14.101289293857409,37.502064,438.0,awp,0.0,0.0,0.0,229082.0,232787.0,0.2,3705.0,1.3495276653171389,acoR,awp,False,3.0,0,1,0.0,1.0,0.0,12.0,17.0,-5.0
242052,CT,bomb_defused,CT,31,232787,242052,True,True,False,ecstatic-vs-havu-m3-overpass,de_overpass,7.0,4.0,19.12656122857143,10.182315066273592,37.921703,565.0,ak47,2.0,1.0,0.0,235765.0,241740.0,0.5714285714285714,5975.0,1.1715481171548119,sirah,ak47,False,1.0,0,1,0.0,1.0,0.0,12.0,18.0,-6.0
249178,CT,t_killed,CT,32,242052,249178,False,False,False,ecstatic-vs-havu-m3-overpass,de_overpass,7.0,3.0,24.869543714285715,10.915677771415657,46.67684,589.0,ak47,0.0,0.0,0.0,245113.0,249178.0,0.42857142857142855,4065.0,1.7220172201722017,Anlelele,m4a1_silencer,False,2.0,0,1,0.0,1.0,0.0,12.0,19.0,-7.0
258763,T,ct_killed,T,33,249178,258763,True,False,False,ecstatic-vs-havu-m3-overpass,de_overpass,6.0,3.0,12.371668999999999,7.313924762061884,25.921148,722.0,ak47,1.0,0.0,1.0,256494.0,258763.0,0.5,2269.0,2.644336712208021,p3kko,ak47,True,3.0,1,0,0.0,1.0,1.0,13.0,19.0,-6.0
265767,T,ct_killed,T,34,258763,265767,False,False,False,ecstatic-vs-havu-m3-overpass,de_overpass,7.0,3.0,15.323074,9.271601378045704,30.72811,542.0,ak47,0.0,0.0,0.0,261993.0,265767.0,0.42857142857142855,3774.0,1.8547959724430312,sirah,m4a1_silencer,True,1.0,1,0,1.0,0.0,2.0,14.0,19.0,-5.0
274385,CT,bomb_defused,CT,35,265767,274385,True,True,False,ecstatic-vs-havu-m3-overpass,de_overpass,8.0,2.0,17.2414415625,8.475017450107293,30.944427,411.0,ak47,1.0,0.0,0.0,268525.0,273942.0,0.25,5417.0,1.4768321949418497,acoR,awp,False,1.0,0,1,1.0,0.0,0.0,14.0,20.0,-6.0
0,0,0,0,1,0,0,False,False,False,ence-vs-1win-m1-train,de_train,0.0,0.0,0.0,0.0,0.0,0.0,0,0.0,0.0,0.0,0.0,0.0,0.0,0.0,0.0,0,0,0,0.0,0,0,0.0,0.0,0.0,0.0,0.0,0.0
5076,CT,bomb_defused,CT,2,0,5076,True,True,False,ence-vs-1win-m1-train,de_train,6.0,5.0,11.206062766666667,7.234439048964209,24.95423,645.0,usp_silencer,0.0,0.0,0.0,3797.0,4303.0,0.8333333333333334,506.0,11.857707509881422,rigoN,usp_silencer,True,0.0,0,1,0.0,0.0,0.0,0.0,1.0,-1.0
14049,T,bomb_exploded,T,3,5076,14049,True,False,True,ence-vs-1win-m1-train,de_train,4.0,3.0,13.72738285,9.45140134832506,27.505272,346.0,deagle,0.0,0.0,0.0,7718.0,10626.0,0.75,2908.0,1.375515818431912,cronuss,tec9,True,0.0,1,0,0.0,1.0,1.0,1.0,1.0,0.0
23915,T,bomb_exploded,T,4,14049,23915,True,False,True,ence-vs-1win-m1-train,de_train,0.0,0.0,0.0,0.0,0.0,0.0,0,0.0,0.0,0.0,0.0,0.0,0.0,0.0,0.0,0,0,0,0.0,1,0,1.0,0.0,2.0,2.0,1.0,1.0
31839,CT,t_killed,CT,5,23915,31839,False,False,False,ence-vs-1win-m1-train,de_train,8.0,2.0,21.976980625,8.96610981145644,42.77104,304.0,ak47,0.0,0.0,0.0,26513.0,31839.0,0.25,5326.0,1.5020653398422832,sdy,mp9,False,0.0,0,1,1.0,0.0,0.0,2.0,2.0,0.0
41197,CT,bomb_defused,CT,6,31839,41197,True,True,False,ence-vs-1win-m1-train,de_train,8.0,5.0,19.866964375,13.369929127295455,46.05944,859.0,ak47,0.0,0.0,0.0,39383.0,40622.0,0.625,1239.0,6.45682001614205,cronuss,ak47,True,2.0,0,1,0.0,1.0,0.0,2.0,3.0,-1.0
49819,CT,t_killed,CT,7,41197,49819,False,False,False,ence-vs-1win-m1-train,de_train,5.0,2.0,24.6777994,8.184120555453335,36.41352,268.0,m4a1_silencer,0.0,0.0,0.0,49116.0,49819.0,0.4,703.0,7.112375533428165,sdy,ak47,False,0.0,0,1,0.0,1.0,0.0,2.0,4.0,-2.0
57766,CT,t_killed,CT,8,49819,57766,False,False,False,ence-vs-1win-m1-train,de_train,5.0,3.0,23.6844178,8.566843901146076,35.961273,578.0,m4a1_silencer,0.0,0.0,0.0,52961.0,57766.0,0.6,4805.0,1.040582726326743,podi,awp,False,2.0,0,1,0.0,1.0,0.0,2.0,5.0,-3.0
66726,CT,time_ran_out,CT,9,57766,66726,False,False,False,ence-vs-1win-m1-train,de_train,5.0,4.0,16.00120462,7.937312315187857,28.60814,376.0,m4a1_silencer,2.0,1.0,0.0,61202.0,65972.0,0.8,4770.0,1.0482180293501049,sdy,ak47,True,0.0,0,1,0.0,1.0,0.0,2.0,6.0,-4.0
76988,CT,t_killed,CT,10,66726,76988,False,False,False,ence-vs-1win-m1-train,de_train,8.0,3.0,23.529562075,13.227376922403598,38.548878,653.0,ak47,0.0,0.0,0.0,66932.0,76988.0,0.375,10056.0,0.7955449482895784,HObbit,ak47,True,1.0,0,1,0.0,1.0,0.0,2.0,7.0,-5.0
86876,T,bomb_exploded,T,11,76988,86876,True,False,True,ence-vs-1win-m1-train,de_train,4.0,3.0,14.92571075,8.669145813843844,23.926746,353.0,ak47,3.0,0.0,0.0,83618.0,85498.0,0.75,1880.0,2.127659574468085,cronuss,ak47,True,0.0,1,0,0.0,1.0,1.0,3.0,7.0,-4.0
96624,CT,bomb_defused,CT,12,86876,96624,True,True,False,ence-vs-1win-m1-train,de_train,7.0,4.0,19.547080142857144,8.337104962319744,28.909897,795.0,m4a1,1.0,0.0,0.0,89657.0,95080.0,0.5714285714285714,5423.0,1.2907984510418586,sdy,m4a1,True,1.0,0,1,1.0,0.0,0.0,3.0,8.0,-5.0
104461,T,ct_killed,T,13,96624,104461,True,False,False,ence-vs-1win-m1-train,de_train,8.0,5.0,23.51312013375,12.123812567758206,38.38641,600.0,ak47,2.0,0.0,0.0,102190.0,104461.0,0.625,2271.0,3.522677234698371,cronuss,ak47,False,0.0,1,0,0.0,1.0,1.0,4.0,8.0,-4.0
109841,CT,t_killed,CT,14,104461,109841,False,False,False,ence-vs-1win-m1-train,de_train,5.0,5.0,29.9726918,13.254292175615493,44.302856,560.0,usp_silencer,2.0,0.0,0.0,109480.0,109841.0,1.0,361.0,13.850415512465373,lattykk,usp_silencer,True,0.0,0,1,1.0,0.0,0.0,4.0,9.0,-5.0
117587,CT,t_killed,CT,15,109841,117587,False,False,False,ence-vs-1win-m1-train,de_train,5.0,4.0,30.6605842,12.49196916192402,41.58678,402.0,m4a1_silencer,1.0,0.0,0.0,113608.0,117587.0,0.8,3979.0,1.2565971349585323,cronuss,famas,False,0.0,0,1,0.0,1.0,0.0,4.0,10.0,-6.0
124013,CT,t_killed,CT,16,117587,124013,False,False,False,ence-vs-1win-m1-train,de_train,5.0,2.0,9.30523754,6.33846982795349,18.93641,264.0,mp9,2.0,0.0,0.0,123486.0,124013.0,0.4,527.0,9.487666034155597,cronuss,mp9,False,0.0,0,1,0.0,1.0,0.0,4.0,11.0,-7.0
133374,T,ct_killed,T,17,124013,133374,True,False,False,ence-vs-1win-m1-train,de_train,9.0,5.0,21.945213044444444,10.241952077347376,31.596601,683.0,ak47,0.0,0.0,0.0,128283.0,133374.0,0.5555555555555556,5091.0,1.7678255745433118,Neityu,ak47,True,1.0,1,0,0.0,1.0,1.0,5.0,11.0,-6.0
140782,T,bomb_exploded,T,18,133374,140782,True,False,True,ence-vs-1win-m1-train,de_train,7.0,3.0,14.510708257142856,11.78028921200983,37.07886,681.0,awp,1.0,0.0,1.0,137609.0,140512.0,0.42857142857142855,2903.0,2.411298656562177,rigoN,galilar,True,3.0,1,0,1.0,0.0,2.0,6.0,11.0,-5.0
145760,T,ct_killed,T,19,140782,145760,False,False,False,ence-vs-1win-m1-train,de_train,8.0,5.0,12.510945775,7.926490651610034,23.027662,701.0,ak47,0.0,0.0,0.0,143928.0,145760.0,0.625,1832.0,4.366812227074235,lattykk,awp,False,1.0,1,0,1.0,0.0,3.0,7.0,11.0,-4.0
155113,CT,t_killed,CT,20,145760,155113,False,False,False,ence-vs-1win-m1-train,de_train,9.0,7.0,20.10786248888889,13.907492611512358,35.36737,960.0,ak47,3.0,0.0,0.0,151206.0,155113.0,0.7777777777777778,3907.0,2.303557716918352,lattykk,deagle,True,0.0,0,1,1.0,0.0,0.0,7.0,12.0,-5.0
164920,T,ct_killed,T,21,155113,164920,True,False,False,ence-vs-1win-m1-train,de_train,6.0,2.0,17.129848499999998,7.126893845217248,23.771414,210.0,ak47,2.0,1.0,0.0,162140.0,164920.0,0.3333333333333333,2780.0,2.158273381294964,rigoN,mac10,True,0.0,1,0,0.0,1.0,1.0,8.0,12.0,-4.0
175126,CT,bomb_defused,CT,22,164920,175126,True,True,False,ence-vs-1win-m1-train,de_train,8.0,3.0,15.9849516625,11.110790654910577,30.907024,437.0,ak47,1.0,0.0,0.0,167916.0,174210.0,0.375,6294.0,1.271051795360661,rigoN,ak47,True,0.0,0,1,1.0,0.0,0.0,8.0,13.0,-5.0
184144,CT,bomb_defused,CT,23,175126,184144,True,True,False,ence-vs-1win-m1-train,de_train,7.0,3.0,22.662599214285713,8.631105534824675,30.955496,474.0,ak47,1.0,0.0,0.0,178111.0,182911.0,0.42857142857142855,4800.0,1.4583333333333335,cronuss,ak47,False,0.0,0,1,0.0,1.0,0.0,8.0,14.0,-6.0
188302,CT,t_killed,CT,24,184144,188302,False,False,False,ence-vs-1win-m1-train,de_train,7.0,1.0,26.438607100000002,10.338382227432312,35.546593,439.0,awp,0.0,1.0,0.0,186771.0,188302.0,0.14285714285714285,1531.0,4.57217504898759,Neityu,tec9,False,2.0,0,1,0.0,1.0,0.0,8.0,15.0,-7.0
196892,CT,t_killed,CT,25,188302,196892,False,False,False,ence-vs-1win-m1-train,de_train,9.0,7.0,19.139366055555556,9.9014790268621,28.997147,760.0,ak47,3.0,0.0,0.0,194140.0,196892.0,0.7777777777777778,2752.0,3.2703488372093026,HObbit,m4a1_silencer,False,0.0,0,1,0.0,1.0,0.0,8.0,16.0,-8.0
207536,T,ct_killed,T,26,196892,207536,True,False,False,ence-vs-1win-m1-train,de_train,9.0,4.0,15.782236688888888,14.145706520160546,39.42854,659.0,ak47,0.0,0.0,0.0,203745.0,207536.0,0.4444444444444444,3791.0,2.374043787918755,Neityu,ak47,True,1.0,1,0,0.0,1.0,1.0,9.0,16.0,-7.0
213024,CT,bomb_defused,CT,27,207536,213024,True,True,False,ence-vs-1win-m1-train,de_train,7.0,2.0,21.524809714285713,13.005904255401207,45.368263,787.0,awp,1.0,1.0,0.0,210019.0,212858.0,0.2857142857142857,2839.0,2.4656569214512154,podi,awp,False,4.0,0,1,1.0,0.0,0.0,9.0,17.0,-8.0
219201,CT,t_killed,CT,28,213024,219201,False,False,False,ence-vs-1win-m1-train,de_train,7.0,3.0,19.429008142857146,11.020689764474643,35.300865,676.0,ak47,1.0,0.0,0.0,215406.0,219201.0,0.42857142857142855,3795.0,1.844532279314888,HObbit,ak47,True,3.0,0,1,0.0,1.0,0.0,9.0,18.0,-9.0
227088,CT,t_killed,CT,29,219201,227088,False,False,False,ence-vs-1win-m1-train,de_train,7.0,0.0,19.44642937142857,11.48460417986898,35.249588,485.0,awp,0.0,0.0,0.0,223045.0,227088.0,0.0,4043.0,1.7313875834776156,HObbit,ak47,False,3.0,0,1,0.0,1.0,0.0,9.0,19.0,-10.0
235511,CT,t_killed,CT,30,227088,235511,False,False,False,ence-vs-1win-m1-train,de_train,8.0,3.0,23.754900125,6.966759397740949,35.46779,546.0,ak47,1.0,1.0,0.0,229497.0,235511.0,0.375,6014.0,1.3302294645826405,podi,awp,False,2.0,0,1,0.0,1.0,0.0,9.0,20.0,-11.0
243795,T,ct_killed,T,31,235511,243795,False,False,False,ence-vs-1win-m1-train,de_train,8.0,4.0,15.4198220375,8.914384924683658,32.2806,628.0,ak47,0.0,0.0,0.0,241323.0,243795.0,0.5,2472.0,3.236245954692557,Neityu,m4a1_silencer,False,1.0,1,0,0.0,1.0,1.0,10.0,20.0,-10.0
252759,T,ct_killed,T,32,243795,252759,False,False,False,ence-vs-1win-m1-train,de_train,7.0,3.0,19.3024671,6.891163017234209,30.169184,611.0,ak47,0.0,0.0,0.0,246764.0,252759.0,0.42857142857142855,5995.0,1.1676396997497915,cronuss,ak47,False,2.0,1,0,1.0,0.0,2.0,11.0,20.0,-9.0
261518,T,ct_killed,T,33,252759,261518,True,False,False,ence-vs-1win-m1-train,de_train,9.0,4.0,19.84562681111111,7.737018229878278,29.304731,568.0,ak47,1.0,0.0,0.0,255289.0,261518.0,0.4444444444444444,6229.0,1.4448547118317547,cronuss,ak47,True,0.0,1,0,1.0,0.0,3.0,12.0,20.0,-8.0
272782,T,ct_killed,T,34,261518,272782,True,False,False,ence-vs-1win-m1-train,de_train,8.0,4.0,19.80980075,9.174391961047379,31.233414,615.0,ak47,0.0,0.0,0.0,266297.0,272782.0,0.5,6485.0,1.233616037008481,Neityu,m4a1_silencer,True,1.0,1,0,1.0,0.0,4.0,13.0,20.0,-7.0
278236,CT,t_killed,CT,35,272782,278236,False,False,False,ence-vs-1win-m1-train,de_train,5.0,1.0,22.522396399999998,18.46944923800573,46.417233,381.0,m4a1_silencer,2.0,0.0,0.0,277841.0,278236.0,0.2,395.0,12.658227848101266,lattykk,awp,False,2.0,0,1,1.0,0.0,0.0,13.0,21.0,-8.0
190818,CT,t_killed,CT,1,0,190818,False,False,False,fake-do-biru-vs-oddik-m1-dust2,de_dust2,131.0,95.0,23.38117853851852,18.10655803521218,76.695564,18547.0,awp,0.0,15.0,0.0,140857.0,190818.0,0.7251908396946565,49961.0,2.622045195252297,â‘³ âœ“ lukiz,deagle,True,41.0,0,1,0.0,0.0,0.0,0.0,1.0,-1.0
201830,CT,bomb_defused,CT,2,190818,201830,True,True,False,fake-do-biru-vs-oddik-m1-dust2,de_dust2,17.0,11.0,28.254798917647058,19.40054906663227,74.42132,2162.0,awp,0.0,0.0,0.0,192094.0,200715.0,0.6470588235294118,8621.0,1.97192901055562,â‘² âœ“ PKL,awp,False,6.0,0,1,0.0,1.0,0.0,0.0,2.0,-2.0
212763,T,bomb_exploded,T,3,201830,212763,True,False,True,fake-do-biru-vs-oddik-m1-dust2,de_dust2,10.0,2.0,17.3706408,8.742597238032868,27.99788,502.0,ak47,1.0,0.0,0.0,205819.0,212763.0,0.2,6944.0,1.4400921658986177,â‘³ âœ“ detr0ittJ,ak47,True,0.0,1,0,0.0,1.0,1.0,1.0,2.0,-1.0
218693,T,ct_killed,T,4,212763,218693,False,False,False,fake-do-biru-vs-oddik-m1-dust2,de_dust2,6.0,5.0,32.758780333333334,13.138581891162541,50.49002,444.0,ak47,0.0,1.0,0.0,216866.0,218693.0,0.8333333333333334,1827.0,3.284072249589491,â‘³ âœ“ lukiz,ak47,False,0.0,1,0,1.0,0.0,2.0,2.0,2.0,0.0
228941,T,bomb_exploded,T,5,218693,228941,True,False,True,fake-do-biru-vs-oddik-m1-dust2,de_dust2,1.0,1.0,3.1571476,0.0,3.1571476,119.0,galilar,0.0,0.0,0.0,224359.0,224359.0,1.0,0.0,1000.0,â‘³ âœ“ xureba,galilar,True,0.0,1,0,1.0,0.0,3.0,3.0,2.0,1.0
239314,CT,t_killed,CT,6,228941,239314,False,False,False,fake-do-biru-vs-oddik-m1-dust2,de_dust2,9.0,5.0,16.706338333333335,8.092635048542162,30.317703,631.0,ak47,2.0,0.0,0.0,229117.0,239314.0,0.5555555555555556,10197.0,0.88261253309797,â‘³ âœ“ â˜… Ceruttera,usp_silencer,False,0.0,0,1,1.0,0.0,0.0,3.0,3.0,0.0
246780,T,ct_killed,T,7,239314,246780,True,False,False,fake-do-biru-vs-oddik-m1-dust2,de_dust2,6.0,5.0,12.5531006,7.117938504488855,24.712059,779.0,ak47,1.0,0.0,0.0,244483.0,246780.0,0.8333333333333334,2297.0,2.61210274270788,â‘³ âœ“ lukiz,ak47,True,1.0,1,0,0.0,1.0,1.0,4.0,3.0,1.0
253512,T,ct_killed,T,8,246780,253512,False,False,False,fake-do-biru-vs-oddik-m1-dust2,de_dust2,6.0,1.0,25.76714683333333,12.407567841507205,38.460133,442.0,ak47,1.0,1.0,0.0,252776.0,253512.0,0.16666666666666666,736.0,8.152173913043478,â‘³ âœ“ lukiz,ak47,True,2.0,1,0,1.0,0.0,2.0,5.0,3.0,2.0
259640,T,ct_killed,T,9,253512,259640,True,False,False,fake-do-biru-vs-oddik-m1-dust2,de_dust2,7.0,3.0,23.629485,7.405622790201691,36.846806,488.0,ak47,0.0,0.0,0.0,257265.0,259640.0,0.42857142857142855,2375.0,2.947368421052632,â‘³ â¦» naitte,m4a1_silencer,False,0.0,1,0,1.0,0.0,3.0,6.0,3.0,3.0
273805,T,bomb_exploded,T,10,259640,273805,True,False,True,fake-do-biru-vs-oddik-m1-dust2,de_dust2,3.0,2.0,9.372456833333333,5.02320181465946,15.1715145,338.0,ak47,1.0,0.0,0.0,268135.0,268231.0,0.6666666666666666,96.0,31.25,â‘³ âœ“ lukiz,ak47,True,1.0,1,0,1.0,0.0,4.0,7.0,3.0,4.0
280373,CT,t_killed,CT,11,273805,280373,False,False,False,fake-do-biru-vs-oddik-m1-dust2,de_dust2,8.0,2.0,15.814777175,9.921028817140094,30.873941,454.0,m4a1_silencer,3.0,1.0,0.0,277666.0,280373.0,0.25,2707.0,2.9553010712966383,â‘³ â¦» ksloks,m4a1_silencer,False,1.0,0,1,1.0,0.0,0.0,7.0,4.0,3.0
289461,CT,time_ran_out,CT,12,280373,289461,False,False,False,fake-do-biru-vs-oddik-m1-dust2,de_dust2,4.0,1.0,18.621326425,11.973557133283832,29.887037,227.0,ak47,0.0,0.0,0.0,288637.0,289169.0,0.25,532.0,7.518796992481203,â‘³ âœ“ â˜… Ceruttera,m4a1_silencer,False,0.0,0,1,0.0,1.0,0.0,7.0,5.0,2.0
299017,CT,bomb_defused,CT,13,289461,299017,True,True,False,fake-do-biru-vs-oddik-m1-dust2,de_dust2,10.0,6.0,22.60883206,13.644710835240055,52.944016,1107.0,m4a1_silencer,2.0,0.0,0.0,289720.0,298222.0,0.6,8502.0,1.1761938367442955,â‘³ â¦» naitte,m4a1_silencer,False,2.0,0,1,0.0,1.0,0.0,7.0,6.0,1.0
305851,T,ct_killed,T,14,299017,305851,False,False,False,fake-do-biru-vs-oddik-m1-dust2,de_dust2,7.0,6.0,18.72666848571429,12.689381754955216,38.123062,685.0,glock,0.0,0.0,0.0,305022.0,305851.0,0.8571428571428571,829.0,8.443908323281061,â‘³ â¦» naitte,p250,True,0.0,1,0,0.0,1.0,1.0,8.0,6.0,2.0
314939,CT,time_ran_out,CT,15,305851,314939,False,False,False,fake-do-biru-vs-oddik-m1-dust2,de_dust2,5.0,2.0,9.6366008,6.047690700213115,16.328833,295.0,mag7,0.0,0.0,0.0,311732.0,313839.0,0.4,2107.0,2.3730422401518747,â‘³ ðŸœ² hardzao,mag7,False,0.0,0,1,1.0,0.0,0.0,8.0,7.0,1.0
321215,CT,t_killed,CT,16,314939,321215,False,False,False,fake-do-biru-vs-oddik-m1-dust2,de_dust2,7.0,4.0,22.94419242857143,4.138915582149865,32.121563,535.0,m4a1_silencer,0.0,1.0,0.0,315352.0,321215.0,0.5714285714285714,5863.0,1.1939280231963159,â‘² âœ“ PKL,ak47,False,0.0,0,1,0.0,1.0,0.0,8.0,8.0,0.0
327155,CT,t_killed,CT,17,321215,327155,False,False,False,fake-do-biru-vs-oddik-m1-dust2,de_dust2,5.0,2.0,27.9977574,11.782974771850393,44.960506,465.0,ak47,0.0,0.0,0.0,324794.0,327155.0,0.4,2361.0,2.1177467174925875,â‘² âœ“ PKL,ak47,True,1.0,0,1,0.0,1.0,0.0,8.0,9.0,-1.0
335721,T,bomb_exploded,T,18,327155,335721,True,False,True,fake-do-biru-vs-oddik-m1-dust2,de_dust2,10.0,7.0,18.4920522,10.620729641329136,35.840176,1353.0,ak47,0.0,0.0,0.0,331664.0,335721.0,0.7,4057.0,2.464875523786049,â‘³ âœ“ detr0ittJ,awp,False,1.0,1,0,0.0,1.0,1.0,9.0,9.0,0.0
344417,CT,t_killed,CT,19,335721,344417,False,False,False,fake-do-biru-vs-oddik-m1-dust2,de_dust2,5.0,2.0,18.9425572,6.337957677790591,28.8257,855.0,awp,0.0,0.0,0.0,340724.0,344417.0,0.4,3693.0,1.3539128080151637,â‘³ âœ“ detr0ittJ,awp,False,4.0,0,1,1.0,0.0,0.0,9.0,10.0,-1.0
351525,CT,bomb_defused,CT,20,344417,351525,True,True,False,fake-do-biru-vs-oddik-m1-dust2,de_dust2,6.0,2.0,17.966353666666667,3.9786406441478315,22.588434,509.0,awp,0.0,0.0,0.0,347786.0,350542.0,0.3333333333333333,2756.0,2.1770682148040637,â‘³ âœ“ xureba,m4a1,False,2.0,0,1,0.0,1.0,0.0,9.0,11.0,-2.0
358344,CT,t_killed,CT,21,351525,358344,False,False,False,fake-do-biru-vs-oddik-m1-dust2,de_dust2,6.0,2.0,26.945838999999996,11.601946786662003,39.35378,437.0,m4a1_silencer,2.0,0.0,0.0,354241.0,358344.0,0.3333333333333333,4103.0,1.4623446258835,â‘³ âœ“ lukiz,m4a1_silencer,False,1.0,0,1,0.0,1.0,0.0,9.0,12.0,-3.0
54816,T,ct_killed,T,1,0,54816,False,False,False,fake-do-biru-vs-oddik-m2-train,de_train,151.0,161.0,11.928075703782383,8.565126428355804,64.83094,21328.0,ak47,0.0,2.0,0.0,10476.0,54816.0,1.0662251655629138,44340.0,3.4055029318899415,â‘³ lukiz,deagle,True,0.0,1,0,0.0,0.0,1.0,1.0,0.0,1.0
65573,T,ct_killed,T,2,54816,65573,True,False,False,fake-do-biru-vs-oddik-m2-train,de_train,10.0,7.0,17.70270371,10.1313285145007,38.23963,845.0,glock,0.0,0.0,0.0,54954.0,65573.0,0.7,10619.0,0.9417082587814295,â‘³ hardzao,knife_m9_bayonet,False,0.0,1,0,1.0,0.0,2.0,2.0,0.0,2.0
74168,T,ct_killed,T,3,65573,74168,True,False,False,fake-do-biru-vs-oddik-m2-train,de_train,4.0,3.0,18.36478,8.836101048624256,31.045658,295.0,mac10,0.0,0.0,0.0,72048.0,74168.0,0.75,2120.0,1.8867924528301887,â‘³ naitte,mac10,False,0.0,1,0,1.0,0.0,3.0,3.0,0.0,3.0
89481,T,ct_killed,T,4,74168,89481,True,False,False,fake-do-biru-vs-oddik-m2-train,de_train,6.0,2.0,11.99164445,6.91455909080409,19.282103,448.0,mac10,0.0,0.0,0.0,86710.0,89481.0,0.3333333333333333,2771.0,2.165283291230603,â‘³ woody,mac10,False,0.0,1,0,1.0,0.0,4.0,4.0,0.0,4.0
96659,CT,bomb_defused,CT,5,89481,96659,True,True,False,fake-do-biru-vs-oddik-m2-train,de_train,8.0,3.0,26.701347,10.522411832980646,42.878273,798.0,awp,3.0,1.0,0.0,93600.0,95628.0,0.375,2028.0,3.9447731755424065,â‘³ xureba,m4a1_silencer,False,4.0,0,1,1.0,0.0,0.0,4.0,1.0,3.0
102448,CT,t_killed,CT,6,96659,102448,False,False,False,fake-do-biru-vs-oddik-m2-train,de_train,8.0,3.0,20.2274855,7.972166963124268,30.435686,1094.0,awp,0.0,0.0,0.0,100302.0,102448.0,0.375,2146.0,3.727865796831314,â‘³ detr0ittJ,awp,False,4.0,0,1,0.0,1.0,0.0,4.0,2.0,2.0
109555,T,bomb_exploded,T,7,102448,109555,True,False,True,fake-do-biru-vs-oddik-m2-train,de_train,5.0,2.0,24.1577242,12.077084843620366,43.779037,391.0,ak47,0.0,0.0,0.0,106595.0,109500.0,0.4,2905.0,1.721170395869191,â‘³ ksloks,ak47,False,1.0,1,0,0.0,1.0,1.0,5.0,2.0,3.0
116288,T,ct_killed,T,8,109555,116288,True,False,False,fake-do-biru-vs-oddik-m2-train,de_train,6.0,2.0,19.145240666666666,9.9939290898319,35.89613,421.0,ak47,2.0,0.0,0.0,113682.0,116288.0,0.3333333333333333,2606.0,2.3023791250959325,â‘³ naitte,ak47,False,1.0,1,0,1.0,0.0,2.0,6.0,2.0,4.0
122322,T,ct_killed,T,9,116288,122322,True,False,False,fake-do-biru-vs-oddik-m2-train,de_train,6.0,5.0,15.87135655,6.265123183642092,21.449675,656.0,ak47,0.0,0.0,0.0,118700.0,122322.0,0.8333333333333334,3622.0,1.6565433462175594,â‘³ naitte,ak47,True,0.0,1,0,1.0,0.0,3.0,7.0,2.0,5.0
130999,CT,t_killed,CT,10,122322,130999,False,False,False,fake-do-biru-vs-oddik-m2-train,de_train,6.0,0.0,23.180615833333334,15.131519775798441,41.0449,566.0,awp,1.0,0.0,0.0,125729.0,130999.0,0.0,5270.0,1.1385199240986716,â‘³ detr0ittJ,awp,False,4.0,0,1,1.0,0.0,0.0,7.0,3.0,4.0
135835,CT,t_killed,CT,11,130999,135835,False,False,False,fake-do-biru-vs-oddik-m2-train,de_train,6.0,1.0,24.305935166666668,4.209679368608086,31.023731,364.0,ak47,0.0,0.0,0.0,133431.0,135835.0,0.16666666666666666,2404.0,2.4958402662229617,â‘³ detr0ittJ,awp,False,2.0,0,1,0.0,1.0,0.0,7.0,4.0,3.0
142641,CT,bomb_defused,CT,12,135835,142641,True,True,False,fake-do-biru-vs-oddik-m2-train,de_train,7.0,3.0,19.37979985714286,9.117698765580244,36.70666,703.0,awp,0.0,0.0,0.0,138316.0,141956.0,0.42857142857142855,3640.0,1.9230769230769231,â‘³ ksloks,tec9,True,3.0,0,1,0.0,1.0,0.0,7.0,5.0,2.0
150122,T,ct_killed,T,13,142641,150122,True,False,False,fake-do-biru-vs-oddik-m2-train,de_train,7.0,3.0,18.498751,4.950553543714784,26.6995,380.0,galilar,0.0,2.0,0.0,145413.0,150122.0,0.42857142857142855,4709.0,1.4865151836908048,â‘³ naitte,galilar,False,1.0,1,0,0.0,1.0,1.0,8.0,5.0,3.0
160304,CT,t_killed,CT,14,150122,160304,False,False,False,fake-do-biru-vs-oddik-m2-train,de_train,6.0,6.0,20.93643283333333,9.0246182634684,33.11833,676.0,usp_silencer,0.0,0.0,0.0,159368.0,160304.0,1.0,936.0,6.41025641025641,â‘³ Ceruttera,elite,True,0.0,0,1,1.0,0.0,0.0,8.0,6.0,2.0
163481,CT,t_killed,CT,15,160304,163481,False,False,False,fake-do-biru-vs-oddik-m2-train,de_train,6.0,3.0,11.477761383333332,8.915157723762542,26.957216,394.0,m4a1_silencer,0.0,0.0,0.0,163376.0,163481.0,0.5,105.0,57.14285714285714,â‘³ naitte,mp9,True,0.0,0,1,0.0,1.0,0.0,8.0,7.0,1.0
172985,T,bomb_exploded,T,16,163481,172985,True,False,True,fake-do-biru-vs-oddik-m2-train,de_train,7.0,4.0,18.74424807142857,8.077782924285497,33.33846,428.0,ak47,0.0,0.0,0.0,166727.0,170622.0,0.5714285714285714,3895.0,1.797175866495507,â‘³ naitte,mp9,True,0.0,1,0,0.0,1.0,1.0,9.0,7.0,2.0
182073,CT,time_ran_out,CT,17,172985,182073,False,False,False,fake-do-biru-vs-oddik-m2-train,de_train,5.0,2.0,19.482763499999997,16.107318367962737,42.90786,682.0,awp,0.0,0.0,0.0,179300.0,179965.0,0.4,665.0,7.518796992481203,â‘³ Ceruttera,mp9,False,2.0,0,1,1.0,0.0,0.0,9.0,8.0,1.0
189951,CT,t_killed,CT,18,182073,189951,False,False,False,fake-do-biru-vs-oddik-m2-train,de_train,7.0,4.0,20.19851142857143,7.485887757067626,31.285585,547.0,ak47,0.0,0.0,0.0,185143.0,189951.0,0.5714285714285714,4808.0,1.4559068219633944,â‘³ ksloks,ak47,False,0.0,0,1,0.0,1.0,0.0,9.0,9.0,0.0
196879,CT,t_killed,CT,19,189951,196879,False,False,False,fake-do-biru-vs-oddik-m2-train,de_train,6.0,3.0,14.136583199999999,5.61897478097699,18.577131,629.0,m4a1_silencer,0.0,0.0,0.0,194425.0,196879.0,0.5,2454.0,2.444987775061125,â‘³ woody,awp,False,2.0,0,1,0.0,1.0,0.0,9.0,10.0,-1.0
201819,CT,t_killed,CT,20,196879,201819,False,False,False,fake-do-biru-vs-oddik-m2-train,de_train,7.0,3.0,16.116799685714287,12.285286002165588,34.81806,447.0,ak47,1.0,0.0,0.0,199338.0,201819.0,0.42857142857142855,2481.0,2.8214429665457477,â‘³ woody,awp,False,1.0,0,1,0.0,1.0,0.0,9.0,11.0,-2.0
0,0,0,0,1,0,0,False,False,False,kaleido-vs-arise-m2-inferno,de_inferno,0.0,0.0,0.0,0.0,0.0,0.0,0,0.0,0.0,0.0,0.0,0.0,0.0,0.0,0.0,0,0,0,0.0,0,0,0.0,0.0,0.0,0.0,0.0,0.0
2873,T,ct_killed,T,2,0,2873,False,False,False,kaleido-vs-arise-m2-inferno,de_inferno,8.0,0.0,1.163003315,0.4925407999576356,2.0411015,328.0,knife_karambit,0.0,0.0,0.0,1376.0,2873.0,0.0,1497.0,5.344021376085505,expSasiKi,knife_karambit,False,0.0,1,0,0.0,0.0,1.0,1.0,0.0,1.0
12037,T,ct_killed,T,3,2873,12037,True,False,False,kaleido-vs-arise-m2-inferno,de_inferno,8.0,7.0,18.183744875,9.502219267264831,36.28566,822.0,usp_silencer,0.0,0.0,0.0,5894.0,12037.0,0.875,6143.0,1.3022952954582452,Rage,usp_silencer,True,0.0,1,0,1.0,0.0,2.0,2.0,0.0,2.0
19945,T,bomb_exploded,T,4,12037,19945,True,False,True,kaleido-vs-arise-m2-inferno,de_inferno,5.0,5.0,15.186330519999999,11.110434887084189,30.84743,509.0,mac10,0.0,0.0,0.0,14916.0,15973.0,1.0,1057.0,4.7303689687795645,expSasiKi,deagle,True,0.0,1,0,1.0,0.0,3.0,3.0,0.0,3.0
25854,T,ct_killed,T,5,19945,25854,True,False,False,kaleido-vs-arise-m2-inferno,de_inferno,9.0,4.0,11.280120477777778,4.678562462553341,21.30599,740.0,ak47,2.0,0.0,0.0,22806.0,25854.0,0.4444444444444444,3048.0,2.952755905511811,Rage,awp,False,2.0,1,0,1.0,0.0,4.0,4.0,0.0,4.0
33440,CT,t_killed,CT,6,25854,33440,False,False,False,kaleido-vs-arise-m2-inferno,de_inferno,8.0,5.0,21.787490875,8.289387134120204,34.813164,644.0,m4a1_silencer,0.0,0.0,0.0,29155.0,33440.0,0.625,4285.0,1.866977829638273,suki,deagle,True,1.0,0,1,1.0,0.0,0.0,4.0,1.0,3.0
41789,CT,t_killed,CT,7,33440,41789,False,False,False,kaleido-vs-arise-m2-inferno,de_inferno,5.0,2.0,18.6670142,4.653554095236854,26.467495,367.0,ak47,0.0,1.0,0.0,40000.0,41789.0,0.4,1789.0,2.794857462269424,rubeN,ak47,False,0.0,0,1,0.0,1.0,0.0,4.0,2.0,2.0
51424,CT,bomb_defused,CT,8,41789,51424,True,True,False,kaleido-vs-arise-m2-inferno,de_inferno,9.0,4.0,16.481438411111114,10.027804875345796,34.330925,794.0,m4a1_silencer,4.0,1.0,0.0,44294.0,50881.0,0.4444444444444444,6587.0,1.366327614999241,Bhavi,ak47,True,3.0,0,1,0.0,1.0,0.0,4.0,3.0,1.0
57349,CT,t_killed,CT,9,51424,57349,False,False,False,kaleido-vs-arise-m2-inferno,de_inferno,7.0,3.0,17.578770714285714,7.002324146226135,29.79491,643.0,awp,1.0,0.0,0.0,54207.0,57349.0,0.42857142857142855,3142.0,2.227880330999364,Rage,awp,False,3.0,0,1,0.0,1.0,0.0,4.0,4.0,0.0
65371,CT,t_killed,CT,10,57349,65371,False,False,False,kaleido-vs-arise-m2-inferno,de_inferno,8.0,6.0,9.2369087125,3.130494195865055,14.942044,709.0,m4a1_silencer,0.0,0.0,0.0,61001.0,65371.0,0.75,4370.0,1.8306636155606408,BENZENE,ak47,True,0.0,0,1,0.0,1.0,0.0,4.0,5.0,-1.0
69490,CT,t_killed,CT,11,65371,69490,False,False,False,kaleido-vs-arise-m2-inferno,de_inferno,6.0,3.0,13.59801725,8.167740889286287,25.986181,523.0,ak47,0.0,0.0,0.0,68311.0,69490.0,0.5,1179.0,5.089058524173028,Rage,awp,False,1.0,0,1,0.0,1.0,0.0,4.0,6.0,-2.0
78148,T,bomb_exploded,T,12,69490,78148,True,False,True,kaleido-vs-arise-m2-inferno,de_inferno,7.0,3.0,21.137303857142857,17.44955589719072,55.393574,981.0,ak47,2.0,0.0,0.0,71994.0,76625.0,0.42857142857142855,4631.0,1.511552580436191,Rage,awp,True,3.0,1,0,0.0,1.0,1.0,5.0,6.0,-1.0
87442,CT,bomb_defused,CT,13,78148,87442,True,True,False,kaleido-vs-arise-m2-inferno,de_inferno,7.0,4.0,16.410827571428573,7.625164058009941,28.128977,795.0,m4a1_silencer,1.0,0.0,0.0,82143.0,86412.0,0.5714285714285714,4269.0,1.6397282736003749,Rage,awp,True,1.0,0,1,1.0,0.0,0.0,5.0,7.0,-2.0
95686,CT,bomb_defused,CT,14,87442,95686,True,True,False,kaleido-vs-arise-m2-inferno,de_inferno,8.0,4.0,16.464599375,7.263128520741791,30.711529,598.0,ak47,1.0,0.0,0.0,93037.0,95177.0,0.5,2140.0,3.7383177570093458,expSasiKi,ak47,False,1.0,0,1,0.0,1.0,0.0,5.0,8.0,-3.0
101747,T,ct_killed,T,15,95686,101747,True,False,False,kaleido-vs-arise-m2-inferno,de_inferno,6.0,6.0,11.465234366666666,8.799577753574463,22.095057,755.0,p250,0.0,0.0,0.0,98703.0,101747.0,1.0,3044.0,1.9710906701708277,clouda,usp_silencer,True,0.0,1,0,0.0,1.0,1.0,6.0,8.0,-2.0
110021,T,ct_killed,T,16,101747,110021,False,False,False,kaleido-vs-arise-m2-inferno,de_inferno,8.0,6.0,12.701040775000001,9.543354265620213,32.049232,576.0,ak47,0.0,1.0,0.0,109381.0,110021.0,0.75,640.0,12.5,SPine,mac10,True,0.0,1,0,1.0,0.0,2.0,7.0,8.0,-1.0
115503,T,ct_killed,T,17,110021,115503,False,False,False,kaleido-vs-arise-m2-inferno,de_inferno,7.0,5.0,15.822390857142858,6.212221977586077,21.760857,704.0,ak47,0.0,2.0,0.0,113316.0,115503.0,0.7142857142857143,2187.0,3.2007315957933242,Rage,ak47,True,0.0,1,0,1.0,0.0,3.0,8.0,8.0,0.0
122726,T,bomb_exploded,T,18,115503,122726,True,False,True,kaleido-vs-arise-m2-inferno,de_inferno,4.0,2.0,13.35932915,5.194092288116667,17.079222,288.0,ak47,1.0,0.0,0.0,119090.0,119756.0,0.5,666.0,6.006006006006006,Rage,ak47,True,0.0,1,0,1.0,0.0,4.0,9.0,8.0,1.0
129301,T,ct_killed,T,19,122726,129301,False,False,False,kaleido-vs-arise-m2-inferno,de_inferno,8.0,4.0,13.545256025,14.068574985022291,39.57768,671.0,ak47,1.0,1.0,0.0,125969.0,129301.0,0.5,3332.0,2.4009603841536613,Bhavi,m4a1_silencer,False,1.0,1,0,1.0,0.0,5.0,10.0,8.0,2.0
1,0,0,0,1,0,1,False,False,False,mouz-vs-gentle-mates-m1-inferno-p1,de_inferno,0.0,0.0,0.0,0.0,0.0,0.0,0,0.0,0.0,0.0,0.0,0.0,0.0,0.0,0.0,0,0,0,0.0,0,0,0.0,0.0,0.0,0.0,0.0,0.0
3705,CT,t_killed,CT,2,1,3705,False,False,False,mouz-vs-gentle-mates-m1-inferno-p1,de_inferno,7.0,5.0,14.102293285714286,5.912377839207413,22.627506,624.0,usp_silencer,0.0,0.0,0.0,3035.0,3705.0,0.7142857142857143,670.0,10.447761194029852,Spinx,usp_silencer,False,0.0,0,1,0.0,0.0,0.0,0.0,1.0,-1.0
10977,CT,t_killed,CT,3,3705,10977,False,False,False,mouz-vs-gentle-mates-m1-inferno-p1,de_inferno,6.0,2.0,17.792902666666667,10.349470847676253,38.103024,321.0,m4a1_silencer,1.0,0.0,0.0,8088.0,10977.0,0.3333333333333333,2889.0,2.0768431983385254,Jimpphat,m4a1_silencer,False,0.0,0,1,0.0,1.0,0.0,0.0,2.0,-2.0
16225,CT,t_killed,CT,4,10977,16225,False,False,False,mouz-vs-gentle-mates-m1-inferno-p1,de_inferno,6.0,2.0,15.397530216666667,9.371348247948474,29.291239,345.0,galilar,0.0,0.0,0.0,15375.0,16225.0,0.3333333333333333,850.0,7.058823529411765,mopoz,p250,True,0.0,0,1,0.0,1.0,0.0,0.0,3.0,-3.0
4,0,0,0,1,0,4,False,False,False,mouz-vs-gentle-mates-m1-inferno-p2,de_inferno,0.0,0.0,0.0,0.0,0.0,0.0,0,0.0,0.0,0.0,0.0,0.0,0.0,0.0,0.0,0,0,0,0.0,0,0,0.0,0.0,0.0,0.0,0.0,0.0
11469,T,bomb_exploded,T,2,4,11469,True,False,True,mouz-vs-gentle-mates-m1-inferno-p2,de_inferno,3.0,2.0,16.038374666666666,4.688696405895388,19.645767,330.0,ak47,0.0,0.0,0.0,6319.0,8300.0,0.6666666666666666,1981.0,1.5143866733972742,torzsi,awp,False,1.0,1,0,0.0,0.0,1.0,1.0,0.0,1.0
20324,T,ct_killed,T,3,11469,20324,True,False,False,mouz-vs-gentle-mates-m1-inferno-p2,de_inferno,8.0,3.0,10.8526201875,6.126599947100686,19.01553,643.0,ak47,1.0,1.0,0.0,17556.0,20324.0,0.375,2768.0,2.890173410404624,Jimpphat,m4a1_silencer,True,2.0,1,0,1.0,0.0,2.0,2.0,0.0,2.0
30296,CT,bomb_defused,CT,4,20324,30296,True,True,False,mouz-vs-gentle-mates-m1-inferno-p2,de_inferno,8.0,4.0,13.3772491875,6.0338711325633465,25.098925,585.0,ak47,0.0,0.0,0.0,25992.0,30119.0,0.5,4127.0,1.938454082868912,Brollan,mp9,False,0.0,0,1,1.0,0.0,0.0,2.0,1.0,1.0
37725,T,bomb_exploded,T,5,30296,37725,True,False,True,mouz-vs-gentle-mates-m1-inferno-p2,de_inferno,4.0,2.0,13.677497449999999,12.616023623667942,32.32496,454.0,ak47,2.0,0.0,0.0,34342.0,36058.0,0.5,1716.0,2.331002331002331,dav1g,ak47,True,1.0,1,0,0.0,1.0,1.0,3.0,1.0,2.0
46281,CT,t_killed,CT,6,37725,46281,False,False,False,mouz-vs-gentle-mates-m1-inferno-p2,de_inferno,9.0,6.0,16.63444352222222,4.938838955258462,21.713161,715.0,ak47,1.0,1.0,0.0,38045.0,46281.0,0.6666666666666666,8236.0,1.0927634774162214,alex ,ak47,True,0.0,0,1,1.0,0.0,0.0,3.0,2.0,1.0
57580,CT,time_ran_out,CT,7,46281,57580,False,False,False,mouz-vs-gentle-mates-m1-inferno-p2,de_inferno,6.0,3.0,21.25896883333333,2.979514125576612,23.947376,384.0,ak47,0.0,0.0,0.0,54830.0,56973.0,0.5,2143.0,2.7998133457769483,Spinx,m4a1_silencer,False,0.0,0,1,0.0,1.0,0.0,3.0,3.0,0.0
65992,CT,t_killed,CT,8,57580,65992,False,False,False,mouz-vs-gentle-mates-m1-inferno-p2,de_inferno,6.0,3.0,17.209854833333335,8.38090876368928,32.101685,403.0,ak47,0.0,0.0,0.0,64355.0,65992.0,0.5,1637.0,3.665241295051924,Spinx,m4a1_silencer,False,0.0,0,1,0.0,1.0,0.0,3.0,4.0,-1.0
71763,CT,bomb_defused,CT,9,65992,71763,True,True,False,mouz-vs-gentle-mates-m1-inferno-p2,de_inferno,8.0,4.0,16.7763908875,9.997121501771867,32.092545,682.0,ak47,0.0,1.0,0.0,68951.0,71130.0,0.5,2179.0,3.6714089031665904,torzsi,awp,False,1.0,0,1,0.0,1.0,0.0,3.0,5.0,-2.0
84437,T,bomb_exploded,T,10,71763,84437,True,False,True,mouz-vs-gentle-mates-m1-inferno-p2,de_inferno,10.0,3.0,17.27747322,10.884182738587453,29.211124,1191.0,awp,0.0,1.0,0.0,78603.0,84437.0,0.3,5834.0,1.7140898183064792,mopoz,ak47,True,3.0,1,0,0.0,1.0,1.0,4.0,5.0,-1.0
107428,T,ct_killed,T,11,84437,107428,True,False,False,mouz-vs-gentle-mates-m1-inferno-p2,de_inferno,8.0,6.0,12.082512750000001,5.207176320684553,22.759474,744.0,glock,0.0,0.0,0.0,104035.0,107428.0,0.75,3393.0,2.357795461243737,xertioN,glock,False,0.0,1,0,1.0,0.0,2.0,5.0,5.0,0.0
112982,T,ct_killed,T,12,107428,112982,False,False,False,mouz-vs-gentle-mates-m1-inferno-p2,de_inferno,6.0,4.0,11.832792033333334,10.335300409933195,31.202595,520.0,ak47,0.0,0.0,0.0,110132.0,112982.0,0.6666666666666666,2850.0,2.1052631578947367,Spinx,ak47,True,0.0,1,0,1.0,0.0,3.0,6.0,5.0,1.0
122941,T,bomb_exploded,T,13,112982,122941,True,False,True,mouz-vs-gentle-mates-m1-inferno-p2,de_inferno,3.0,2.0,14.526073333333335,7.792703791187777,20.263327,262.0,galilar,1.0,0.0,0.0,117740.0,121428.0,0.6666666666666666,3688.0,0.8134490238611713,xertioN,galilar,True,0.0,1,0,1.0,0.0,4.0,7.0,5.0,2.0
131687,T,ct_killed,T,14,122941,131687,True,False,False,mouz-vs-gentle-mates-m1-inferno-p2,de_inferno,7.0,4.0,12.781920185714286,10.763392746013869,33.13598,479.0,ak47,3.0,2.0,0.0,128331.0,131687.0,0.5714285714285714,3356.0,2.0858164481525625,xertioN,galilar,False,0.0,1,0,1.0,0.0,5.0,8.0,5.0,3.0
141112,T,ct_killed,T,15,131687,141112,True,False,False,mouz-vs-gentle-mates-m1-inferno-p2,de_inferno,10.0,1.0,11.06322845,8.997849124201734,28.841734,1144.0,ak47,1.0,1.0,0.0,136229.0,142212.0,0.1,5983.0,1.671402306535183,xertioN,ak47,False,0.0,1,0,1.0,0.0,6.0,9.0,5.0,4.0
0,0,0,0,1,0,0,False,False,False,nemiga-vs-tpudcatb-tpu-m1-dust2,de_dust2,0.0,0.0,0.0,0.0,0.0,0.0,0,0.0,0.0,0.0,0.0,0.0,0.0,0.0,0.0,0,0,0,0.0,0,0,0.0,0.0,0.0,0.0,0.0,0.0
2043,T,ct_killed,T,2,0,2043,False,False,False,nemiga-vs-tpudcatb-tpu-m1-dust2,de_dust2,7.0,0.0,1.3298568185714286,0.5135488526673403,2.0974321,257.0,knife_karambit,0.0,0.0,0.0,1051.0,2043.0,0.0,992.0,7.056451612903226,Sowalio,knife_karambit,False,0.0,1,0,0.0,0.0,1.0,1.0,0.0,1.0
6450,CT,t_killed,CT,3,2043,6450,False,False,False,nemiga-vs-tpudcatb-tpu-m1-dust2,de_dust2,7.0,4.0,12.477818157142858,7.157410702672951,22.13537,605.0,usp_silencer,0.0,0.0,0.0,2064.0,6450.0,0.5714285714285714,4386.0,1.595987232102143,bluewh1te,knife_karambit,False,0.0,0,1,1.0,0.0,0.0,1.0,1.0,0.0
11400,CT,t_killed,CT,4,6450,11400,False,False,False,nemiga-vs-tpudcatb-tpu-m1-dust2,de_dust2,6.0,3.0,13.49255345,9.964429688445863,32.800404,377.0,m4a1_silencer,0.0,1.0,0.0,9398.0,11400.0,0.5,2002.0,2.997002997002997,-khaN,m4a1_silencer,False,0.0,0,1,0.0,1.0,0.0,1.0,2.0,-1.0
16032,CT,t_killed,CT,5,11400,16032,False,False,False,nemiga-vs-tpudcatb-tpu-m1-dust2,de_dust2,7.0,2.0,15.828579199999998,7.321524265526213,28.403257,389.0,ak47,0.0,0.0,0.0,13744.0,16032.0,0.2857142857142857,2288.0,3.0594405594405596,executor,ak47,False,1.0,0,1,0.0,1.0,0.0,1.0,3.0,-2.0
22653,CT,bomb_defused,CT,6,16032,22653,True,True,False,nemiga-vs-tpudcatb-tpu-m1-dust2,de_dust2,7.0,4.0,23.240852999999998,8.734081768517816,42.633827,832.0,m4a1_silencer,2.0,1.0,0.0,18759.0,22137.0,0.5714285714285714,3378.0,2.0722320899940794,Sowalio,m4a1_silencer,True,1.0,0,1,0.0,1.0,0.0,1.0,4.0,-3.0
31421,CT,time_ran_out,CT,7,22653,31421,False,False,False,nemiga-vs-tpudcatb-tpu-m1-dust2,de_dust2,2.0,0.0,25.007575,19.181084612483467,38.57065,68.0,hegrenade,0.0,0.0,0.0,25000.0,25158.0,0.0,158.0,12.658227848101266,riskyb0b,m4a1_silencer,False,0.0,0,1,0.0,1.0,0.0,1.0,5.0,-4.0
38473,T,bomb_exploded,T,8,31421,38473,True,False,True,nemiga-vs-tpudcatb-tpu-m1-dust2,de_dust2,5.0,3.0,22.190542999999998,5.018896067093838,25.854641,359.0,ak47,0.0,0.0,0.0,34452.0,35817.0,0.6,1365.0,3.663003663003663,kinqie44,galilar,True,0.0,1,0,0.0,1.0,1.0,2.0,5.0,-3.0
45604,CT,t_killed,CT,9,38473,45604,False,False,False,nemiga-vs-tpudcatb-tpu-m1-dust2,de_dust2,8.0,3.0,19.544534249999998,8.381260674683967,30.189583,476.0,ak47,3.0,2.0,0.0,42672.0,45604.0,0.375,2932.0,2.728512960436562,Xant3r,m4a1_silencer,False,2.0,0,1,1.0,0.0,0.0,2.0,6.0,-4.0
54372,CT,time_ran_out,CT,10,45604,54372,False,False,False,nemiga-vs-tpudcatb-tpu-m1-dust2,de_dust2,6.0,4.0,15.426730866666666,8.498658786469951,30.185057,556.0,ak47,0.0,0.0,0.0,51871.0,53721.0,0.6666666666666666,1850.0,3.243243243243243,Xant3r,ak47,True,1.0,0,1,0.0,1.0,0.0,2.0,7.0,-5.0
63477,T,bomb_exploded,T,11,54372,63477,True,False,True,nemiga-vs-tpudcatb-tpu-m1-dust2,de_dust2,5.0,4.0,20.1393346,8.207286068460407,28.838026,413.0,ak47,1.0,0.0,0.0,54376.0,60419.0,0.8,6043.0,0.8274036074797286,kinqie44,ak47,True,0.0,1,0,0.0,1.0,1.0,3.0,7.0,-4.0
72245,CT,time_ran_out,CT,12,63477,72245,False,False,False,nemiga-vs-tpudcatb-tpu-m1-dust2,de_dust2,6.0,4.0,16.357224166666665,6.813955710348385,25.118399,493.0,m4a1_silencer,1.0,0.0,0.0,71211.0,71879.0,0.6666666666666666,668.0,8.982035928143713,1eeR,m4a1_silencer,False,0.0,0,1,1.0,0.0,0.0,3.0,8.0,-5.0
78807,T,ct_killed,T,13,72245,78807,True,False,False,nemiga-vs-tpudcatb-tpu-m1-dust2,de_dust2,9.0,5.0,20.443948777777777,11.076737886290246,44.38741,727.0,ak47,2.0,0.0,0.0,74595.0,78807.0,0.5555555555555556,4212.0,2.136752136752137,executor,ak47,True,1.0,1,0,0.0,1.0,1.0,4.0,8.0,-4.0
84438,T,ct_killed,T,14,78807,84438,True,False,False,nemiga-vs-tpudcatb-tpu-m1-dust2,de_dust2,6.0,4.0,18.712242333333332,10.720951219184997,35.499462,424.0,ak47,0.0,1.0,0.0,81788.0,84438.0,0.6666666666666666,2650.0,2.2641509433962264,1eeR,mp9,True,0.0,1,0,1.0,0.0,2.0,5.0,8.0,-3.0
91436,T,ct_killed,T,15,84438,91436,True,False,False,nemiga-vs-tpudcatb-tpu-m1-dust2,de_dust2,9.0,9.0,18.451232355555554,9.763347317007268,34.08187,996.0,glock,2.0,0.0,0.0,86983.0,91436.0,1.0,4453.0,2.021109364473389,-khaN,p250,True,0.0,1,0,1.0,0.0,3.0,6.0,8.0,-2.0
97682,T,bomb_exploded,T,16,91436,97682,True,False,True,nemiga-vs-tpudcatb-tpu-m1-dust2,de_dust2,4.0,3.0,27.734681000000002,6.632450142241454,33.29028,417.0,ak47,0.0,0.0,0.0,93557.0,93972.0,0.75,415.0,9.63855421686747,Sowalio,ak47,True,0.0,1,0,1.0,0.0,4.0,7.0,8.0,-1.0
106450,CT,time_ran_out,CT,17,97682,106450,False,False,False,nemiga-vs-tpudcatb-tpu-m1-dust2,de_dust2,5.0,2.0,12.05690186,4.025897417043224,16.09245,304.0,m4a1_silencer,0.0,0.0,0.0,100521.0,102093.0,0.4,1572.0,3.1806615776081424,kinqie44,m4a1_silencer,False,0.0,0,1,1.0,0.0,0.0,7.0,9.0,-2.0
114482,CT,t_killed,CT,18,106450,114482,False,False,False,nemiga-vs-tpudcatb-tpu-m1-dust2,de_dust2,9.0,7.0,12.78710368888889,7.440384972556232,27.011621,779.0,ak47,2.0,0.0,0.0,113246.0,114482.0,0.7777777777777778,1236.0,7.281553398058253,kinqie44,m4a1_silencer,True,0.0,0,1,0.0,1.0,0.0,7.0,10.0,-3.0
121608,CT,t_killed,CT,19,114482,121608,False,False,False,nemiga-vs-tpudcatb-tpu-m1-dust2,de_dust2,7.0,2.0,17.854212614285714,8.235611063119098,25.853224,302.0,m4a1_silencer,0.0,2.0,0.0,120182.0,121608.0,0.2857142857142857,1426.0,4.908835904628331,executor,m4a1_silencer,False,0.0,0,1,0.0,1.0,0.0,7.0,11.0,-4.0
131917,CT,t_killed,CT,20,121608,131917,False,False,False,nemiga-vs-tpudcatb-tpu-m1-dust2,de_dust2,9.0,3.0,19.7792683,10.985254470733114,35.277637,641.0,m4a1_silencer,0.0,0.0,0.0,129000.0,131917.0,0.3333333333333333,2917.0,3.0853616729516626,z1Nny,m4a1,False,2.0,0,1,0.0,1.0,0.0,7.0,12.0,-5.0
139599,T,ct_killed,T,21,131917,139599,False,False,False,nemiga-vs-tpudcatb-tpu-m1-dust2,de_dust2,8.0,5.0,18.9007395625,9.52685024509216,35.474205,591.0,galilar,0.0,0.0,0.0,135730.0,139599.0,0.625,3869.0,2.067717756526234,z1Nny,m4a1,True,0.0,1,0,0.0,1.0,1.0,8.0,12.0,-4.0
150934,CT,time_ran_out,CT,22,139599,150934,True,False,False,nemiga-vs-tpudcatb-tpu-m1-dust2,de_dust2,4.0,2.0,10.424691124999999,3.9131969530338915,14.148586,281.0,deagle,1.0,0.0,0.0,150119.0,150434.0,0.5,315.0,12.698412698412698,bluewh1te,m4a1,False,0.0,0,1,1.0,0.0,0.0,8.0,13.0,-5.0
160834,T,bomb_exploded,T,23,150934,160834,True,False,True,nemiga-vs-tpudcatb-tpu-m1-dust2,de_dust2,2.0,1.0,19.0058205,8.422902535322635,24.961712,134.0,ak47,0.0,0.0,0.0,157628.0,157773.0,0.5,145.0,13.793103448275861,Xant3r,ak47,True,0.0,1,0,0.0,1.0,1.0,9.0,13.0,-4.0
169215,T,ct_killed,T,24,160834,169215,True,False,False,nemiga-vs-tpudcatb-tpu-m1-dust2,de_dust2,6.0,4.0,19.750771216666667,13.053485694449913,37.181614,492.0,ak47,1.0,0.0,0.0,165432.0,169215.0,0.6666666666666666,3783.0,1.5860428231562251,Sowalio,hegrenade,False,0.0,1,0,1.0,0.0,2.0,10.0,13.0,-3.0
0,0,0,0,1,0,0,False,False,False,sparta-vs-cybershoke-m1-dust2,de_dust2,0.0,0.0,0.0,0.0,0.0,0.0,0,0.0,0.0,0.0,0.0,0.0,0.0,0.0,0.0,0,0,0,0.0,0,0,0.0,0.0,0.0,0.0,0.0,0.0
2786,T,ct_killed,T,2,0,2786,False,False,False,sparta-vs-cybershoke-m1-dust2,de_dust2,9.0,0.0,1.2621159766666665,0.43752647698939934,2.0835268,445.0,knife_butterfly,0.0,0.0,0.0,1040.0,2786.0,0.0,1746.0,5.154639175257732,glowiing,knife_widowmaker,False,0.0,1,0,0.0,0.0,1.0,1.0,0.0,1.0
9835,T,ct_killed,T,3,2786,9835,True,False,False,sparta-vs-cybershoke-m1-dust2,de_dust2,7.0,5.0,25.06751477142857,17.85208122260284,59.707947,505.0,glock,0.0,0.0,0.0,6093.0,9835.0,0.7142857142857143,3742.0,1.8706574024585783,alpha--,glock,True,0.0,1,0,1.0,0.0,2.0,2.0,0.0,2.0
21097,CT,t_killed,CT,4,9835,21097,False,False,False,sparta-vs-cybershoke-m1-dust2,de_dust2,8.0,4.0,26.460804337499997,12.931880584181998,40.937187,601.0,deagle,1.0,1.0,0.0,18379.0,21097.0,0.5,2718.0,2.9433406916850626,alpha--,galilar,False,0.0,0,1,1.0,0.0,0.0,2.0,1.0,1.0
29458,CT,t_killed,CT,5,21097,29458,False,False,False,sparta-vs-cybershoke-m1-dust2,de_dust2,6.0,4.0,15.318742633333335,13.138219830647328,29.495659,616.0,ak47,0.0,0.0,0.0,28811.0,29458.0,0.6666666666666666,647.0,9.27357032457496,notineki,deagle,False,0.0,0,1,0.0,1.0,0.0,2.0,2.0,0.0
36369,CT,bomb_defused,CT,6,29458,36369,True,True,False,sparta-vs-cybershoke-m1-dust2,de_dust2,6.0,2.0,18.622426033333333,12.61957276512476,33.56867,379.0,ak47,0.0,1.0,0.0,34470.0,35922.0,0.3333333333333333,1452.0,4.132231404958678,1NVISIBLEE,ak47,False,0.0,0,1,0.0,1.0,0.0,2.0,3.0,-1.0
43531,CT,t_killed,CT,7,36369,43531,False,False,False,sparta-vs-cybershoke-m1-dust2,de_dust2,6.0,2.0,32.54683966666666,23.272080574559816,73.29068,450.0,m4a1_silencer,0.0,0.0,0.0,38450.0,43531.0,0.3333333333333333,5081.0,1.180869907498524,yuramyata,awp,False,2.0,0,1,0.0,1.0,0.0,2.0,4.0,-2.0
51049,CT,t_killed,CT,8,43531,51049,False,False,False,sparta-vs-cybershoke-m1-dust2,de_dust2,7.0,2.0,18.249953857142856,6.796334963208489,26.754578,408.0,ak47,0.0,1.0,0.0,49707.0,51049.0,0.2857142857142857,1342.0,5.216095380029807,SoLb,ak47,False,0.0,0,1,0.0,1.0,0.0,2.0,5.0,-3.0
60016,CT,t_killed,CT,9,51049,60016,False,False,False,sparta-vs-cybershoke-m1-dust2,de_dust2,8.0,6.0,18.02052935,11.923919594315358,34.175198,791.0,ak47,1.0,0.0,0.0,57287.0,60016.0,0.75,2729.0,2.9314767314034444,glowiing,ak47,True,1.0,0,1,0.0,1.0,0.0,2.0,6.0,-4.0
66535,T,ct_killed,T,10,60016,66535,True,False,False,sparta-vs-cybershoke-m1-dust2,de_dust2,6.0,1.0,18.994904583333334,7.441869208622498,29.488535,396.0,ak47,2.0,0.0,0.0,64383.0,66535.0,0.16666666666666666,2152.0,2.7881040892193307,yuramyata,awp,False,1.0,1,0,0.0,1.0,1.0,3.0,6.0,-3.0
77412,T,ct_killed,T,11,66535,77412,True,False,False,sparta-vs-cybershoke-m1-dust2,de_dust2,8.0,0.0,26.509780625,13.156910959008803,42.053856,920.0,awp,0.0,1.0,0.0,71448.0,77412.0,0.0,5964.0,1.341381623071764,FenomeN--,awp,False,8.0,1,0,1.0,0.0,2.0,4.0,6.0,-2.0
85489,T,bomb_exploded,T,12,77412,85489,True,False,True,sparta-vs-cybershoke-m1-dust2,de_dust2,8.0,2.0,24.677543125,8.739239327946345,38.80602,645.0,awp,1.0,0.0,0.0,80201.0,84627.0,0.25,4426.0,1.8075011296882062,SoLb,m4a1_silencer,False,3.0,1,0,1.0,0.0,3.0,5.0,6.0,-1.0
98887,T,bomb_exploded,T,13,85489,98887,True,False,True,sparta-vs-cybershoke-m1-dust2,de_dust2,5.0,0.0,15.3081388,12.130537332516198,33.202324,207.0,ak47,0.0,0.0,0.0,95424.0,95731.0,0.0,307.0,16.286644951140065,SoLb,mp9,False,1.0,1,0,1.0,0.0,4.0,6.0,6.0,0.0
106482,T,ct_killed,T,14,98887,106482,False,False,False,sparta-vs-cybershoke-m1-dust2,de_dust2,5.0,4.0,8.6169695,4.38880052198713,13.79815,560.0,ak47,0.0,0.0,0.0,105070.0,106482.0,0.8,1412.0,3.5410764872521248,bl1x1,ak47,True,0.0,1,0,1.0,0.0,5.0,7.0,6.0,1.0
111539,CT,t_killed,CT,15,106482,111539,False,False,False,sparta-vs-cybershoke-m1-dust2,de_dust2,6.0,5.0,19.21807516666667,14.465340484971094,47.657803,539.0,usp_silencer,1.0,2.0,0.0,110941.0,111539.0,0.8333333333333334,598.0,10.033444816053512,alpha--,usp_silencer,True,0.0,0,1,1.0,0.0,0.0,7.0,7.0,0.0
117454,CT,t_killed,CT,16,111539,117454,False,False,False,sparta-vs-cybershoke-m1-dust2,de_dust2,6.0,4.0,22.57318933333333,6.611607017818578,28.356647,468.0,m4a1_silencer,0.0,0.0,0.0,117002.0,117454.0,0.6666666666666666,452.0,13.274336283185841,alpha--,m4a1_silencer,True,0.0,0,1,0.0,1.0,0.0,7.0,8.0,-1.0
127387,T,ct_killed,T,17,117454,127387,True,False,False,sparta-vs-cybershoke-m1-dust2,de_dust2,9.0,4.0,10.523240399999999,4.613545634978947,17.002674,535.0,m4a1_silencer,0.0,0.0,0.0,121413.0,127387.0,0.4444444444444444,5974.0,1.5065282892534315,1NVISIBLEE,galilar,True,0.0,1,0,0.0,1.0,1.0,8.0,8.0,0.0
136571,T,bomb_exploded,T,18,127387,136571,True,False,True,sparta-vs-cybershoke-m1-dust2,de_dust2,7.0,3.0,17.203286785714287,12.030826237747029,35.53441,394.0,ak47,2.0,2.0,0.0,132624.0,136571.0,0.42857142857142855,3947.0,1.77349885989359,glowiing,m4a1_silencer,True,0.0,1,0,1.0,0.0,2.0,9.0,8.0,1.0
160096,CT,time_ran_out,CT,19,136571,160096,False,False,False,sparta-vs-cybershoke-m1-dust2,de_dust2,7.0,2.0,14.47960682857143,14.364821189552394,46.086792,417.0,ak47,0.0,0.0,0.0,136846.0,156329.0,0.2857142857142857,19483.0,0.3592875840476313,alpha--,deagle,False,1.0,0,1,1.0,0.0,0.0,9.0,9.0,0.0
168096,CT,t_killed,CT,20,160096,168096,False,False,False,sparta-vs-cybershoke-m1-dust2,de_dust2,9.0,3.0,18.13152058888889,5.579226241216281,24.665142,727.0,ak47,0.0,0.0,0.0,166274.0,168096.0,0.3333333333333333,1822.0,4.939626783754116,SoLb,tec9,True,3.0,0,1,0.0,1.0,0.0,9.0,10.0,-1.0
171977,CT,t_killed,CT,21,168096,171977,False,False,False,sparta-vs-cybershoke-m1-dust2,de_dust2,7.0,6.0,22.788871914285714,24.1983771756889,73.58657,754.0,ak47,0.0,0.0,0.0,170182.0,171977.0,0.8571428571428571,1795.0,3.8997214484679663,FenomeN--,awp,False,1.0,0,1,0.0,1.0,0.0,9.0,11.0,-2.0
179182,CT,bomb_defused,CT,22,171977,179182,True,True,False,sparta-vs-cybershoke-m1-dust2,de_dust2,8.0,3.0,22.9760404375,9.428264808610967,43.978405,444.0,ak47,0.0,1.0,0.0,174442.0,178703.0,0.375,4261.0,1.8774935461159352,bl1x1,ak47,True,0.0,0,1,0.0,1.0,0.0,9.0,12.0,-3.0
185501,CT,t_killed,CT,23,179182,185501,False,False,False,sparta-vs-cybershoke-m1-dust2,de_dust2,6.0,4.0,14.461862166666668,6.963726501726971,24.224499,637.0,ak47,0.0,0.0,0.0,181265.0,185501.0,0.6666666666666666,4236.0,1.41643059490085,bl1x1,ak47,True,2.0,0,1,0.0,1.0,0.0,9.0,13.0,-4.0
1,0,0,0,1,0,1,False,False,False,vpprodigy-vs-fire-flux-m1-mirage,de_mirage,0.0,0.0,0.0,0.0,0.0,0.0,0,0.0,0.0,0.0,0.0,0.0,0.0,0.0,0.0,0,0,0,0.0,0,0,0.0,0.0,0.0,0.0,0.0,0.0
2836,T,ct_killed,T,2,1,2836,True,False,False,vpprodigy-vs-fire-flux-m1-mirage,de_mirage,5.0,3.0,9.95946072,5.089934972409402,18.262367,365.0,glock,0.0,0.0,0.0,1413.0,2836.0,0.6,1423.0,3.513703443429374,Banjo,glock,False,0.0,1,0,0.0,0.0,1.0,1.0,0.0,1.0
9268,T,ct_killed,T,3,2836,9268,True,False,False,vpprodigy-vs-fire-flux-m1-mirage,de_mirage,5.0,0.0,17.5347234,12.764395092982737,39.609806,140.0,mac10,0.0,0.0,0.0,8182.0,9268.0,0.0,1086.0,4.6040515653775325,Banjo,mac10,False,0.0,1,0,1.0,0.0,2.0,2.0,0.0,2.0
16512,CT,t_killed,CT,4,9268,16512,False,False,False,vpprodigy-vs-fire-flux-m1-mirage,de_mirage,6.0,2.0,15.431226500000001,13.500296030994992,36.97558,262.0,m4a1_silencer,0.0,0.0,0.0,15418.0,16512.0,0.3333333333333333,1094.0,5.484460694698354,AquaRS,famas,True,0.0,0,1,1.0,0.0,0.0,2.0,1.0,1.0
21751,CT,t_killed,CT,5,16512,21751,False,False,False,vpprodigy-vs-fire-flux-m1-mirage,de_mirage,8.0,6.0,21.525653249999998,12.367585230718829,38.15151,616.0,ak47,3.0,0.0,0.0,18955.0,21751.0,0.75,2796.0,2.8612303290414878,FinigaN,ak47,True,0.0,0,1,0.0,1.0,0.0,2.0,2.0,0.0
27131,CT,t_killed,CT,6,21751,27131,False,False,False,vpprodigy-vs-fire-flux-m1-mirage,de_mirage,5.0,3.0,17.481282399999998,8.059792492017786,27.939634,441.0,m4a1_silencer,0.0,0.0,0.0,26994.0,27131.0,0.6,137.0,36.4963503649635,F0R3VER,m4a1_silencer,True,0.0,0,1,0.0,1.0,0.0,2.0,3.0,-1.0
36254,T,ct_killed,T,7,27131,36254,True,False,False,vpprodigy-vs-fire-flux-m1-mirage,de_mirage,8.0,3.0,17.376023625000002,9.002339483534504,32.356155,425.0,ak47,2.0,1.0,0.0,32644.0,36254.0,0.375,3610.0,2.21606648199446,paz,ak47,False,0.0,1,0,0.0,1.0,1.0,3.0,3.0,0.0
43469,T,ct_killed,T,8,36254,43469,False,False,False,vpprodigy-vs-fire-flux-m1-mirage,de_mirage,8.0,2.0,19.987536,14.124122523672076,51.71584,609.0,ak47,0.0,0.0,0.0,38428.0,43469.0,0.25,5041.0,1.5869867089863123,lasfas,awp,False,2.0,1,0,1.0,0.0,2.0,4.0,3.0,1.0
50083,T,ct_killed,T,9,43469,50083,True,False,False,vpprodigy-vs-fire-flux-m1-mirage,de_mirage,7.0,4.0,19.45241042857143,8.997586171959046,30.231709,986.0,ak47,0.0,0.0,0.0,45625.0,50083.0,0.5714285714285714,4458.0,1.5702108568864963,shield,ak47,True,2.0,1,0,1.0,0.0,3.0,5.0,3.0,2.0
59629,CT,t_killed,CT,10,50083,59629,False,False,False,vpprodigy-vs-fire-flux-m1-mirage,de_mirage,7.0,0.0,28.321883785714284,9.18779450985225,38.006332,260.0,m4a1_silencer,3.0,0.0,0.0,53453.0,59629.0,0.0,6176.0,1.1334196891191708,shield,awp,False,1.0,0,1,1.0,0.0,0.0,5.0,4.0,1.0
68135,T,ct_killed,T,11,59629,68135,False,False,False,vpprodigy-vs-fire-flux-m1-mirage,de_mirage,9.0,5.0,22.721850333333336,12.619484114711327,43.30726,943.0,ak47,2.0,1.0,0.0,64196.0,68135.0,0.5555555555555556,3939.0,2.284843869002285,F0R3VER,m4a1_silencer,False,3.0,1,0,0.0,1.0,1.0,6.0,4.0,2.0
77095,CT,time_ran_out,CT,12,68135,77095,False,False,False,vpprodigy-vs-fire-flux-m1-mirage,de_mirage,3.0,1.0,12.651546133333333,5.4282131174999435,16.214314,151.0,fiveseven,0.0,0.0,0.0,71670.0,73541.0,0.3333333333333333,1871.0,1.6034206306787815,F0R3VER,famas,False,0.0,0,1,1.0,0.0,0.0,6.0,5.0,1.0
86014,T,ct_killed,T,13,77095,86014,True,False,False,vpprodigy-vs-fire-flux-m1-mirage,de_mirage,9.0,5.0,21.096390444444445,16.66918524000778,58.705006,977.0,galilar,1.0,0.0,0.0,83717.0,86014.0,0.5555555555555556,2297.0,3.91815411406182,Banjo,galilar,True,1.0,1,0,0.0,1.0,1.0,7.0,5.0,2.0
99422,T,ct_killed,T,14,86014,99422,True,False,False,vpprodigy-vs-fire-flux-m1-mirage,de_mirage,8.0,8.0,19.664512575,11.028621087796775,31.848753,942.0,p250,0.0,0.0,0.0,96956.0,99422.0,1.0,2466.0,3.2441200324412005,lasfas,p250,True,0.0,1,0,1.0,0.0,2.0,8.0,5.0,3.0
105710,CT,t_killed,CT,15,99422,105710,False,False,False,vpprodigy-vs-fire-flux-m1-mirage,de_mirage,6.0,3.0,11.404102333333334,8.106147212215472,27.527721,304.0,mp9,1.0,0.0,0.0,105269.0,105710.0,0.5,441.0,13.605442176870747,paz,famas,False,0.0,0,1,1.0,0.0,0.0,8.0,6.0,2.0
112645,T,bomb_exploded,T,16,105710,112645,True,False,True,vpprodigy-vs-fire-flux-m1-mirage,de_mirage,10.0,2.0,12.452844350000001,10.887334959097235,28.739925,779.0,famas,3.0,1.0,0.0,109310.0,112645.0,0.2,3335.0,2.998500749625187,paz,famas,False,0.0,1,0,0.0,1.0,1.0,9.0,6.0,3.0
119282,T,bomb_exploded,T,17,112645,119282,True,False,True,vpprodigy-vs-fire-flux-m1-mirage,de_mirage,6.0,4.0,14.368780383333332,11.798221774611035,34.523853,480.0,galilar,0.0,0.0,0.0,115486.0,118827.0,0.6666666666666666,3341.0,1.7958695001496556,TriBorgg1,ak47,False,0.0,1,0,1.0,0.0,2.0,10.0,6.0,4.0
124685,T,ct_killed,T,18,119282,124685,False,False,False,vpprodigy-vs-fire-flux-m1-mirage,de_mirage,8.0,4.0,14.7400511875,6.285051472456816,27.438787,595.0,ak47,0.0,0.0,0.0,124243.0,124685.0,0.5,442.0,18.09954751131222,soulfly,hkp2000,False,0.0,1,0,1.0,0.0,3.0,11.0,6.0,5.0
129441,CT,t_killed,CT,19,124685,129441,False,False,False,vpprodigy-vs-fire-flux-m1-mirage,de_mirage,7.0,4.0,21.191229928571428,12.655428000317977,33.014378,561.0,m4a1_silencer,2.0,0.0,0.0,128330.0,129441.0,0.5714285714285714,1111.0,6.300630063006301,soulfly,m4a1_silencer,True,1.0,0,1,1.0,0.0,0.0,11.0,7.0,4.0
137789,T,ct_killed,T,20,129441,137789,True,False,False,vpprodigy-vs-fire-flux-m1-mirage,de_mirage,9.0,5.0,15.981089666666666,6.296289047623132,24.96668,660.0,ak47,2.0,0.0,0.0,132863.0,137789.0,0.5555555555555556,4926.0,1.8270401948842874,paz,m4a1_silencer,False,0.0,1,0,0.0,1.0,1.0,12.0,7.0,5.0
154725,T,ct_killed,T,21,137789,154725,True,False,False,vpprodigy-vs-fire-flux-m1-mirage,de_mirage,5.0,2.0,17.5120092,8.503232719039488,30.877234,315.0,galilar,0.0,0.0,0.0,153311.0,154725.0,0.4,1414.0,3.536067892503536,AquaRS,galilar,True,0.0,1,0,1.0,0.0,2.0,13.0,7.0,6.0
160475,T,ct_killed,T,22,154725,160475,True,False,False,vpprodigy-vs-fire-flux-m1-mirage,de_mirage,13.0,11.0,19.790453307692307,8.66180333608147,32.50965,1331.0,m4a1_silencer,0.0,1.0,0.0,157961.0,164391.0,0.8461538461538461,6430.0,2.021772939346812,turbo,ak47,True,0.0,1,0,1.0,0.0,3.0,14.0,7.0,7.0
1,0,0,0,1,0,1,False,False,False,vpprodigy-vs-fire-flux-m2-train,de_train,0.0,0.0,0.0,0.0,0.0,0.0,0,0.0,0.0,0.0,0.0,0.0,0.0,0.0,0.0,0,0,0,0.0,0,0,0.0,0.0,0.0,0.0,0.0,0.0
6213,T,ct_killed,T,2,1,6213,True,False,False,vpprodigy-vs-fire-flux-m2-train,de_train,8.0,8.0,14.1006149125,6.979245508476961,22.657223,878.0,glock,0.0,0.0,0.0,3921.0,6213.0,1.0,2292.0,3.4904013961605584,F0R3VER,glock,True,0.0,1,0,0.0,0.0,1.0,1.0,0.0,1.0
13279,T,bomb_exploded,T,3,6213,13279,True,False,True,vpprodigy-vs-fire-flux-m2-train,de_train,6.0,4.0,14.142390083333334,3.966581044563698,18.797531,379.0,ak47,0.0,0.0,0.0,8643.0,9582.0,0.6666666666666666,939.0,6.3897763578274756,shield,mp9,True,0.0,1,0,1.0,0.0,2.0,2.0,0.0,2.0
17559,T,ct_killed,T,4,13279,17559,False,False,False,vpprodigy-vs-fire-flux-m2-train,de_train,8.0,3.0,14.893671125000001,6.75788744096284,26.305285,394.0,ak47,0.0,0.0,0.0,15473.0,17559.0,0.375,2086.0,3.835091083413231,AquaRS,mp9,False,0.0,1,0,1.0,0.0,3.0,3.0,0.0,3.0
26519,CT,time_ran_out,CT,5,17559,26519,False,False,False,vpprodigy-vs-fire-flux-m2-train,de_train,6.0,1.0,18.276749833333334,5.941589941883684,26.014921,493.0,awp,2.0,0.0,0.0,23331.0,25694.0,0.16666666666666666,2363.0,2.5391451544646637,shield,awp,False,3.0,0,1,1.0,0.0,0.0,3.0,1.0,2.0
35429,CT,t_killed,CT,6,26519,35429,False,False,False,vpprodigy-vs-fire-flux-m2-train,de_train,3.0,1.0,16.500654,5.015744531428313,22.031977,227.0,m4a1_silencer,0.0,0.0,0.0,32654.0,35429.0,0.3333333333333333,2775.0,1.0810810810810811,shield,awp,False,1.0,0,1,0.0,1.0,0.0,3.0,2.0,1.0
44037,CT,t_killed,CT,7,35429,44037,False,False,False,vpprodigy-vs-fire-flux-m2-train,de_train,6.0,4.0,9.47475155,2.7928100994254614,14.820893,592.0,usp_silencer,0.0,0.0,0.0,43626.0,44037.0,0.6666666666666666,411.0,14.598540145985401,paz,ak47,False,1.0,0,1,0.0,1.0,0.0,3.0,3.0,0.0
55154,T,bomb_exploded,T,8,44037,55154,True,False,True,vpprodigy-vs-fire-flux-m2-train,de_train,7.0,5.0,22.026237000000002,9.486558625762875,35.18056,634.0,ak47,1.0,0.0,0.0,46912.0,55089.0,0.7142857142857143,8177.0,0.8560596795890913,turbo,galilar,True,1.0,1,0,0.0,1.0,1.0,4.0,3.0,1.0
63936,T,ct_killed,T,9,55154,63936,True,False,False,vpprodigy-vs-fire-flux-m2-train,de_train,8.0,5.0,16.756031175,9.587667288498402,28.162838,741.0,ak47,0.0,0.0,0.0,59171.0,63936.0,0.625,4765.0,1.6789087093389297,Banjo,m4a1_silencer,False,1.0,1,0,1.0,0.0,2.0,5.0,3.0,2.0
68234,CT,bomb_defused,CT,10,63936,68234,True,True,False,vpprodigy-vs-fire-flux-m2-train,de_train,6.0,1.0,21.5346595,14.236703355216008,45.031624,271.0,m4a1_silencer,1.0,0.0,0.0,66522.0,67390.0,0.16666666666666666,868.0,6.912442396313365,Banjo,m4a1_silencer,False,1.0,0,1,1.0,0.0,0.0,5.0,4.0,1.0
77719,CT,bomb_defused,CT,11,68234,77719,True,True,False,vpprodigy-vs-fire-flux-m2-train,de_train,8.0,3.0,20.498280725,12.718040328589312,36.729073,600.0,m4a1_silencer,0.0,0.0,0.0,71264.0,76972.0,0.375,5708.0,1.4015416958654519,turbo,galilar,True,1.0,0,1,0.0,1.0,0.0,5.0,5.0,0.0
83317,T,ct_killed,T,12,77719,83317,True,False,False,vpprodigy-vs-fire-flux-m2-train,de_train,6.0,3.0,15.7944283,10.788627577186627,29.395073,399.0,galilar,0.0,0.0,0.0,80133.0,83317.0,0.5,3184.0,1.8844221105527637,turbo,galilar,False,1.0,1,0,0.0,1.0,1.0,6.0,5.0,1.0
90626,CT,t_killed,CT,13,83317,90626,False,False,False,vpprodigy-vs-fire-flux-m2-train,de_train,5.0,3.0,17.99684936,12.347364517978344,37.42821,469.0,awp,0.0,0.0,0.0,85993.0,90626.0,0.6,4633.0,1.0792143319663285,paz,mp9,True,2.0,0,1,1.0,0.0,0.0,6.0,6.0,0.0
99984,T,ct_killed,T,14,90626,99984,True,False,False,vpprodigy-vs-fire-flux-m2-train,de_train,6.0,5.0,16.242111583333333,4.877691233077104,25.127478,519.0,glock,2.0,0.0,0.0,98600.0,99984.0,0.8333333333333334,1384.0,4.335260115606936,soulfly,glock,True,0.0,1,0,0.0,1.0,1.0,7.0,6.0,1.0
107556,T,bomb_exploded,T,15,99984,107556,True,False,True,vpprodigy-vs-fire-flux-m2-train,de_train,2.0,0.0,22.285778999999998,0.15439535145852326,22.394953,57.0,galilar,0.0,0.0,0.0,103113.0,103499.0,0.0,386.0,5.181347150259067,soulfly,galilar,False,0.0,1,0,1.0,0.0,2.0,8.0,6.0,2.0
113431,T,ct_killed,T,16,107556,113431,False,False,False,vpprodigy-vs-fire-flux-m2-train,de_train,8.0,5.0,16.605854349999998,7.947284721755708,34.0267,528.0,galilar,1.0,1.0,0.0,109862.0,113431.0,0.625,3569.0,2.241524236480807,F0R3VER,famas,False,0.0,1,0,1.0,0.0,3.0,9.0,6.0,3.0
124546,T,bomb_exploded,T,17,113431,124546,True,False,True,vpprodigy-vs-fire-flux-m2-train,de_train,7.0,6.0,16.984546485714286,12.618772320798882,41.77353,804.0,ak47,0.0,0.0,0.0,119980.0,122432.0,0.8571428571428571,2452.0,2.8548123980424145,FinigaN,galilar,False,0.0,1,0,1.0,0.0,4.0,10.0,6.0,4.0
132188,CT,bomb_defused,CT,18,124546,132188,True,True,False,vpprodigy-vs-fire-flux-m2-train,de_train,5.0,1.0,29.001149200000004,10.546395128976735,45.463467,324.0,m4a1_silencer,0.0,1.0,0.0,126780.0,131488.0,0.2,4708.0,1.0620220900594732,F0R3VER,m4a1_silencer,False,2.0,0,1,1.0,0.0,0.0,10.0,7.0,3.0
141816,CT,bomb_defused,CT,19,132188,141816,True,True,False,vpprodigy-vs-fire-flux-m2-train,de_train,8.0,5.0,11.58258865,5.211423994774029,17.72545,718.0,ak47,0.0,0.0,0.0,137791.0,140403.0,0.625,2612.0,3.0627871362940278,soulfly,ak47,True,1.0,0,1,0.0,1.0,0.0,10.0,8.0,2.0
144984,CT,t_killed,CT,20,141816,144984,False,False,False,vpprodigy-vs-fire-flux-m2-train,de_train,6.0,2.0,15.705080233333334,9.330967540948114,28.686026,316.0,m4a1_silencer,0.0,0.0,0.0,143978.0,144984.0,0.3333333333333333,1006.0,5.964214711729622,F0R3VER,hegrenade,False,0.0,0,1,0.0,1.0,0.0,10.0,9.0,1.0
149500,T,ct_killed,T,21,144984,149500,False,False,False,vpprodigy-vs-fire-flux-m2-train,de_train,7.0,2.0,15.476889614285714,10.368908336957906,34.201958,401.0,ak47,0.0,0.0,0.0,147415.0,149500.0,0.2857142857142857,2085.0,3.357314148681055,soulfly,inferno,False,1.0,1,0,0.0,1.0,1.0,11.0,9.0,2.0
157741,CT,t_killed,CT,22,149500,157741,False,False,False,vpprodigy-vs-fire-flux-m2-train,de_train,7.0,4.0,22.326367428571427,9.834123893846225,33.192326,644.0,m4a1_silencer,0.0,0.0,0.0,153995.0,157741.0,0.5714285714285714,3746.0,1.8686599038974907,TriBorgg1,m4a1_silencer,True,2.0,0,1,1.0,0.0,0.0,11.0,10.0,1.0
164429,CT,t_killed,CT,23,157741,164429,False,False,False,vpprodigy-vs-fire-flux-m2-train,de_train,7.0,4.0,21.301896571428568,8.892025770932232,32.7136,665.0,m4a1_silencer,0.0,0.0,0.0,161034.0,164429.0,0.5714285714285714,3395.0,2.061855670103093,lasfas,awp,False,2.0,0,1,0.0,1.0,0.0,11.0,11.0,0.0
170629,T,ct_killed,T,24,164429,170629,False,False,False,vpprodigy-vs-fire-flux-m2-train,de_train,6.0,3.0,8.695137716666666,8.43916335130853,23.053827,444.0,ak47,1.0,0.0,0.0,170050.0,170629.0,0.5,579.0,10.362694300518134,soulfly,ak47,True,0.0,1,0,0.0,1.0,1.0,12.0,11.0,1.0
176345,CT,bomb_defused,CT,25,170629,176345,True,True,False,vpprodigy-vs-fire-flux-m2-train,de_train,6.0,4.0,24.37924166666667,8.941208330307681,32.38923,482.0,m4a1_silencer,2.0,0.0,0.0,173255.0,176025.0,0.6666666666666666,2770.0,2.1660649819494586,lasfas,awp,False,1.0,0,1,1.0,0.0,0.0,12.0,12.0,0.0
184977,CT,t_killed,CT,26,176345,184977,False,False,False,vpprodigy-vs-fire-flux-m2-train,de_train,6.0,3.0,28.3937535,8.692439902503734,40.138817,561.0,ak47,0.0,0.0,0.0,181928.0,184977.0,0.5,3049.0,1.9678583142013775,lasfas,awp,False,2.0,0,1,0.0,1.0,0.0,12.0,13.0,-1.0
195322,CT,bomb_defused,CT,27,184977,195322,True,True,False,vpprodigy-vs-fire-flux-m2-train,de_train,8.0,4.0,16.827076375,7.071999871528459,29.151896,660.0,ak47,0.0,0.0,0.0,190704.0,194854.0,0.5,4150.0,1.927710843373494,AquaRS,ak47,False,1.0,0,1,0.0,1.0,0.0,12.0,14.0,-2.0
202721,T,ct_killed,T,28,195322,202721,True,False,False,vpprodigy-vs-fire-flux-m2-train,de_train,9.0,3.0,21.684189833333335,12.689915110446982,41.939106,615.0,ak47,3.0,0.0,0.0,198357.0,202721.0,0.3333333333333333,4364.0,2.062328139321723,shield,awp,False,2.0,1,0,0.0,1.0,1.0,13.0,14.0,-1.0
212580,T,ct_killed,T,29,202721,212580,False,False,False,vpprodigy-vs-fire-flux-m2-train,de_train,7.0,4.0,13.884813957142857,9.130920305881332,32.20314,596.0,ak47,0.0,0.0,0.0,211249.0,212580.0,0.5714285714285714,1331.0,5.259203606311044,AquaRS,ak47,True,1.0,1,0,1.0,0.0,2.0,14.0,14.0,0.0
218594,T,ct_killed,T,30,212580,218594,True,False,False,vpprodigy-vs-fire-flux-m2-train,de_train,8.0,5.0,14.667145375,7.479817592814088,28.774885,645.0,ak47,1.0,0.0,0.0,214886.0,218594.0,0.625,3708.0,2.157497303128371,turbo,ak47,True,0.0,1,0,1.0,0.0,3.0,15.0,14.0,1.0
