match_id,round_num,map_name,round_num,bomb_planted,bomb_defused,bomb_exploded,total_kills,headshot_kills,headshot_rate,avg_kill_distance,kill_distance_std,max_kill_distance,total_damage,kill_duration,kill_tempo,smoke_kills,wallbang_kills,noscope_kills,first_kill_headshot,prev_t_win,prev_ct_win,t_win_streak,t_score,ct_score,score_diff,t_win,ct_win,map_encoded
ecstatic-vs-havu-m3-overpass,2,de_overpass,2,False,False,False,7.0,0.0,0.0,1.07216889,0.23028135025925894,1.5430012,385.0,214.0,32.71028037383177,0.0,0.0,0.0,False,0.0,0.0,0.0,0.0,1.0,-1.0,0,1,0
ecstatic-vs-havu-m3-overpass,3,de_overpass,3,False,False,False,9.0,6.0,0.6666666666666666,12.677847244444445,9.231167768490517,34.352234,770.0,1122.0,8.02139037433155,0.0,0.0,0.0,True,0.0,1.0,1.0,1.0,1.0,0.0,1,0,0
ecstatic-vs-havu-m3-overpass,4,de_overpass,4,True,False,True,6.0,3.0,0.5,22.4488085,9.79001818482145,40.773598,597.0,4066.0,1.4756517461878995,0.0,1.0,0.0,True,1.0,0.0,2.0,2.0,1.0,1.0,1,0,0
ecstatic-vs-havu-m3-overpass,5,de_overpass,5,True,False,False,8.0,2.0,0.25,14.5413986125,10.301623857875496,36.545246,641.0,2871.0,2.7864855451062347,0.0,0.0,0.0,False,1.0,0.0,3.0,3.0,1.0,2.0,1,0,0
ecstatic-vs-havu-m3-overpass,6,de_overpass,6,True,True,False,9.0,4.0,0.4444444444444444,14.82019,4.584469086944283,26.383587,579.0,6043.0,1.4893264934635115,0.0,0.0,0.0,True,1.0,0.0,0.0,3.0,2.0,1.0,0,1,0
ecstatic-vs-havu-m3-overpass,7,de_overpass,7,True,False,True,4.0,3.0,0.75,21.067238,22.143269142352324,52.164623,424.0,1119.0,3.5746201966041107,0.0,0.0,0.0,True,0.0,1.0,1.0,4.0,2.0,2.0,1,0,0
ecstatic-vs-havu-m3-overpass,8,de_overpass,8,True,False,True,6.0,4.0,0.6666666666666666,18.5213268,8.903084212777937,28.507484,509.0,5093.0,1.178087571176124,0.0,1.0,0.0,True,1.0,0.0,2.0,5.0,2.0,3.0,1,0,0
ecstatic-vs-havu-m3-overpass,9,de_overpass,9,True,True,False,9.0,5.0,0.5555555555555556,14.456542377777778,11.891316727293797,38.535473,800.0,4993.0,1.8025235329461247,0.0,0.0,0.0,False,1.0,0.0,0.0,5.0,3.0,2.0,0,1,0
ecstatic-vs-havu-m3-overpass,10,de_overpass,10,True,True,False,7.0,2.0,0.2857142857142857,21.53139357142857,8.08585357251356,38.554,345.0,1423.0,4.919184820801124,1.0,0.0,0.0,False,0.0,1.0,0.0,5.0,4.0,1.0,0,1,0
ecstatic-vs-havu-m3-overpass,11,de_overpass,11,False,False,False,5.0,1.0,0.2,16.433332259999997,10.492084406797872,29.339836,546.0,1716.0,2.913752913752914,0.0,0.0,0.0,False,0.0,1.0,0.0,5.0,5.0,0.0,0,1,0
ecstatic-vs-havu-m3-overpass,12,de_overpass,12,False,False,False,7.0,2.0,0.2857142857142857,17.22485807142857,7.655344648304404,26.23466,476.0,3660.0,1.9125683060109289,0.0,0.0,0.0,False,0.0,1.0,0.0,5.0,6.0,-1.0,0,1,0
ecstatic-vs-havu-m3-overpass,13,de_overpass,13,True,True,False,8.0,5.0,0.625,14.7304365625,7.922791490061439,30.404488,681.0,2857.0,2.80014000700035,0.0,0.0,0.0,True,0.0,1.0,0.0,5.0,7.0,-2.0,0,1,0
ecstatic-vs-havu-m3-overpass,14,de_overpass,14,True,False,False,5.0,3.0,0.6,13.005770000000002,4.442973115018927,19.113815,381.0,3865.0,1.29366106080207,2.0,0.0,0.0,True,0.0,1.0,1.0,6.0,7.0,-1.0,1,0,0
ecstatic-vs-havu-m3-overpass,15,de_overpass,15,False,False,False,8.0,7.0,0.875,20.048393625,6.628851916514437,27.259909,809.0,3456.0,2.314814814814815,0.0,0.0,0.0,True,1.0,0.0,0.0,6.0,8.0,-2.0,0,1,0
ecstatic-vs-havu-m3-overpass,16,de_overpass,16,False,False,False,6.0,4.0,0.6666666666666666,30.771607166666666,12.570513647668983,48.449493,439.0,1356.0,4.424778761061947,0.0,1.0,0.0,True,0.0,1.0,0.0,6.0,9.0,-3.0,0,1,0
ecstatic-vs-havu-m3-overpass,17,de_overpass,17,True,False,False,8.0,5.0,0.625,13.598367125,5.59922930201772,20.098042,544.0,2676.0,2.9895366218236172,0.0,0.0,0.0,True,0.0,1.0,1.0,7.0,9.0,-2.0,1,0,0
ecstatic-vs-havu-m3-overpass,18,de_overpass,18,False,False,False,7.0,3.0,0.42857142857142855,18.245338,7.596846766427852,33.11906,717.0,1461.0,4.7912388774811765,2.0,1.0,0.0,False,1.0,0.0,0.0,7.0,10.0,-3.0,0,1,0
ecstatic-vs-havu-m3-overpass,19,de_overpass,19,False,False,False,5.0,1.0,0.2,30.510535600000004,16.146409976816653,51.741882,494.0,1235.0,4.048582995951417,0.0,0.0,0.0,False,0.0,1.0,0.0,7.0,11.0,-4.0,0,1,0
ecstatic-vs-havu-m3-overpass,20,de_overpass,20,True,False,False,8.0,3.0,0.375,15.84160345,11.94859416977379,36.841766,936.0,6679.0,1.1977840994160802,0.0,1.0,0.0,False,0.0,1.0,1.0,8.0,11.0,-3.0,1,0,0
ecstatic-vs-havu-m3-overpass,21,de_overpass,21,False,False,False,6.0,3.0,0.5,17.204159166666667,2.8784142538186144,22.368984,321.0,463.0,12.958963282937365,0.0,0.0,0.0,True,1.0,0.0,0.0,8.0,12.0,-4.0,0,1,0
ecstatic-vs-havu-m3-overpass,22,de_overpass,22,False,False,False,5.0,2.0,0.4,20.4066656,10.24144020780226,36.612293,399.0,2688.0,1.8601190476190474,1.0,1.0,0.0,True,0.0,1.0,0.0,8.0,13.0,-5.0,0,1,0
ecstatic-vs-havu-m3-overpass,23,de_overpass,23,False,False,False,5.0,3.0,0.6,16.5460293,11.36626896825551,32.473194,377.0,2792.0,1.7908309455587395,0.0,0.0,0.0,False,0.0,1.0,1.0,9.0,13.0,-4.0,1,0,0
ecstatic-vs-havu-m3-overpass,24,de_overpass,24,True,False,True,5.0,3.0,0.6,23.70098,13.565058105445642,46.84651,501.0,2819.0,1.77367860943597,1.0,0.0,0.0,False,1.0,0.0,2.0,10.0,13.0,-3.0,1,0,0
ecstatic-vs-havu-m3-overpass,25,de_overpass,25,True,False,True,6.0,4.0,0.6666666666666666,11.044537416666666,3.2233123949843336,15.001179,982.0,3531.0,1.6992353440951573,0.0,0.0,1.0,True,1.0,0.0,3.0,11.0,13.0,-2.0,1,0,0
ecstatic-vs-havu-m3-overpass,26,de_overpass,26,True,False,False,7.0,5.0,0.7142857142857143,16.435181714285715,8.642363350617154,28.493246,823.0,7231.0,0.968054211035818,1.0,1.0,0.0,False,1.0,0.0,4.0,12.0,13.0,-1.0,1,0,0
ecstatic-vs-havu-m3-overpass,27,de_overpass,27,True,True,False,9.0,4.0,0.4444444444444444,12.824567444444446,5.821088262724401,26.643139,696.0,5783.0,1.5562856648798202,0.0,0.0,0.0,False,1.0,0.0,0.0,12.0,14.0,-2.0,0,1,0
ecstatic-vs-havu-m3-overpass,28,de_overpass,28,False,False,False,7.0,2.0,0.2857142857142857,9.390383985714285,6.291514157804682,22.636871,500.0,1282.0,5.46021840873635,0.0,0.0,0.0,True,0.0,1.0,0.0,12.0,15.0,-3.0,0,1,0
ecstatic-vs-havu-m3-overpass,29,de_overpass,29,True,True,False,7.0,4.0,0.5714285714285714,23.200205085714284,12.040733380021466,35.2628,571.0,2835.0,2.4691358024691357,0.0,0.0,0.0,True,0.0,1.0,0.0,12.0,16.0,-4.0,0,1,0
ecstatic-vs-havu-m3-overpass,30,de_overpass,30,False,False,False,5.0,1.0,0.2,22.240661080000002,14.101289293857409,37.502064,438.0,3705.0,1.3495276653171389,0.0,0.0,0.0,False,0.0,1.0,0.0,12.0,17.0,-5.0,0,1,0
ecstatic-vs-havu-m3-overpass,31,de_overpass,31,True,True,False,7.0,4.0,0.5714285714285714,19.12656122857143,10.182315066273592,37.921703,565.0,5975.0,1.1715481171548119,2.0,1.0,0.0,False,0.0,1.0,0.0,12.0,18.0,-6.0,0,1,0
ecstatic-vs-havu-m3-overpass,32,de_overpass,32,False,False,False,7.0,3.0,0.42857142857142855,24.869543714285715,10.915677771415657,46.67684,589.0,4065.0,1.7220172201722017,0.0,0.0,0.0,False,0.0,1.0,0.0,12.0,19.0,-7.0,0,1,0
ecstatic-vs-havu-m3-overpass,33,de_overpass,33,True,False,False,6.0,3.0,0.5,12.371668999999999,7.313924762061884,25.921148,722.0,2269.0,2.644336712208021,1.0,0.0,1.0,True,0.0,1.0,1.0,13.0,19.0,-6.0,1,0,0
ecstatic-vs-havu-m3-overpass,34,de_overpass,34,False,False,False,7.0,3.0,0.42857142857142855,15.323074,9.271601378045704,30.72811,542.0,3774.0,1.8547959724430312,0.0,0.0,0.0,True,1.0,0.0,2.0,14.0,19.0,-5.0,1,0,0
ecstatic-vs-havu-m3-overpass,35,de_overpass,35,True,True,False,8.0,2.0,0.25,17.2414415625,8.475017450107293,30.944427,411.0,5417.0,1.4768321949418497,1.0,0.0,0.0,False,1.0,0.0,0.0,14.0,20.0,-6.0,0,1,0
ence-vs-1win-m1-train,2,de_train,2,True,True,False,6.0,5.0,0.8333333333333334,11.206062766666667,7.234439048964209,24.95423,645.0,506.0,11.857707509881422,0.0,0.0,0.0,True,0.0,0.0,0.0,0.0,1.0,-1.0,0,1,1
ence-vs-1win-m1-train,3,de_train,3,True,False,True,4.0,3.0,0.75,13.72738285,9.45140134832506,27.505272,346.0,2908.0,1.375515818431912,0.0,0.0,0.0,True,0.0,1.0,1.0,1.0,1.0,0.0,1,0,1
ence-vs-1win-m1-train,5,de_train,5,False,False,False,8.0,2.0,0.25,21.976980625,8.96610981145644,42.77104,304.0,5326.0,1.5020653398422832,0.0,0.0,0.0,False,1.0,0.0,0.0,2.0,2.0,0.0,0,1,1
ence-vs-1win-m1-train,6,de_train,6,True,True,False,8.0,5.0,0.625,19.866964375,13.369929127295455,46.05944,859.0,1239.0,6.45682001614205,0.0,0.0,0.0,True,0.0,1.0,0.0,2.0,3.0,-1.0,0,1,1
ence-vs-1win-m1-train,7,de_train,7,False,False,False,5.0,2.0,0.4,24.6777994,8.184120555453335,36.41352,268.0,703.0,7.112375533428165,0.0,0.0,0.0,False,0.0,1.0,0.0,2.0,4.0,-2.0,0,1,1
ence-vs-1win-m1-train,8,de_train,8,False,False,False,5.0,3.0,0.6,23.6844178,8.566843901146076,35.961273,578.0,4805.0,1.040582726326743,0.0,0.0,0.0,False,0.0,1.0,0.0,2.0,5.0,-3.0,0,1,1
ence-vs-1win-m1-train,9,de_train,9,False,False,False,5.0,4.0,0.8,16.00120462,7.937312315187857,28.60814,376.0,4770.0,1.0482180293501049,2.0,1.0,0.0,True,0.0,1.0,0.0,2.0,6.0,-4.0,0,1,1
ence-vs-1win-m1-train,10,de_train,10,False,False,False,8.0,3.0,0.375,23.529562075,13.227376922403598,38.548878,653.0,10056.0,0.7955449482895784,0.0,0.0,0.0,True,0.0,1.0,0.0,2.0,7.0,-5.0,0,1,1
ence-vs-1win-m1-train,11,de_train,11,True,False,True,4.0,3.0,0.75,14.92571075,8.669145813843844,23.926746,353.0,1880.0,2.127659574468085,3.0,0.0,0.0,True,0.0,1.0,1.0,3.0,7.0,-4.0,1,0,1
ence-vs-1win-m1-train,12,de_train,12,True,True,False,7.0,4.0,0.5714285714285714,19.547080142857144,8.337104962319744,28.909897,795.0,5423.0,1.2907984510418586,1.0,0.0,0.0,True,1.0,0.0,0.0,3.0,8.0,-5.0,0,1,1
ence-vs-1win-m1-train,13,de_train,13,True,False,False,8.0,5.0,0.625,23.51312013375,12.123812567758206,38.38641,600.0,2271.0,3.522677234698371,2.0,0.0,0.0,False,0.0,1.0,1.0,4.0,8.0,-4.0,1,0,1
ence-vs-1win-m1-train,14,de_train,14,False,False,False,5.0,5.0,1.0,29.9726918,13.254292175615493,44.302856,560.0,361.0,13.850415512465373,2.0,0.0,0.0,True,1.0,0.0,0.0,4.0,9.0,-5.0,0,1,1
ence-vs-1win-m1-train,15,de_train,15,False,False,False,5.0,4.0,0.8,30.6605842,12.49196916192402,41.58678,402.0,3979.0,1.2565971349585323,1.0,0.0,0.0,False,0.0,1.0,0.0,4.0,10.0,-6.0,0,1,1
ence-vs-1win-m1-train,16,de_train,16,False,False,False,5.0,2.0,0.4,9.30523754,6.33846982795349,18.93641,264.0,527.0,9.487666034155597,2.0,0.0,0.0,False,0.0,1.0,0.0,4.0,11.0,-7.0,0,1,1
ence-vs-1win-m1-train,17,de_train,17,True,False,False,9.0,5.0,0.5555555555555556,21.945213044444444,10.241952077347376,31.596601,683.0,5091.0,1.7678255745433118,0.0,0.0,0.0,True,0.0,1.0,1.0,5.0,11.0,-6.0,1,0,1
ence-vs-1win-m1-train,18,de_train,18,True,False,True,7.0,3.0,0.42857142857142855,14.510708257142856,11.78028921200983,37.07886,681.0,2903.0,2.411298656562177,1.0,0.0,1.0,True,1.0,0.0,2.0,6.0,11.0,-5.0,1,0,1
ence-vs-1win-m1-train,19,de_train,19,False,False,False,8.0,5.0,0.625,12.510945775,7.926490651610034,23.027662,701.0,1832.0,4.366812227074235,0.0,0.0,0.0,False,1.0,0.0,3.0,7.0,11.0,-4.0,1,0,1
ence-vs-1win-m1-train,20,de_train,20,False,False,False,9.0,7.0,0.7777777777777778,20.10786248888889,13.907492611512358,35.36737,960.0,3907.0,2.303557716918352,3.0,0.0,0.0,True,1.0,0.0,0.0,7.0,12.0,-5.0,0,1,1
ence-vs-1win-m1-train,21,de_train,21,True,False,False,6.0,2.0,0.3333333333333333,17.129848499999998,7.126893845217248,23.771414,210.0,2780.0,2.158273381294964,2.0,1.0,0.0,True,0.0,1.0,1.0,8.0,12.0,-4.0,1,0,1
ence-vs-1win-m1-train,22,de_train,22,True,True,False,8.0,3.0,0.375,15.9849516625,11.110790654910577,30.907024,437.0,6294.0,1.271051795360661,1.0,0.0,0.0,True,1.0,0.0,0.0,8.0,13.0,-5.0,0,1,1
ence-vs-1win-m1-train,23,de_train,23,True,True,False,7.0,3.0,0.42857142857142855,22.662599214285713,8.631105534824675,30.955496,474.0,4800.0,1.4583333333333335,1.0,0.0,0.0,False,0.0,1.0,0.0,8.0,14.0,-6.0,0,1,1
ence-vs-1win-m1-train,24,de_train,24,False,False,False,7.0,1.0,0.14285714285714285,26.438607100000002,10.338382227432312,35.546593,439.0,1531.0,4.57217504898759,0.0,1.0,0.0,False,0.0,1.0,0.0,8.0,15.0,-7.0,0,1,1
ence-vs-1win-m1-train,25,de_train,25,False,False,False,9.0,7.0,0.7777777777777778,19.139366055555556,9.9014790268621,28.997147,760.0,2752.0,3.2703488372093026,3.0,0.0,0.0,False,0.0,1.0,0.0,8.0,16.0,-8.0,0,1,1
ence-vs-1win-m1-train,26,de_train,26,True,False,False,9.0,4.0,0.4444444444444444,15.782236688888888,14.145706520160546,39.42854,659.0,3791.0,2.374043787918755,0.0,0.0,0.0,True,0.0,1.0,1.0,9.0,16.0,-7.0,1,0,1
ence-vs-1win-m1-train,27,de_train,27,True,True,False,7.0,2.0,0.2857142857142857,21.524809714285713,13.005904255401207,45.368263,787.0,2839.0,2.4656569214512154,1.0,1.0,0.0,False,1.0,0.0,0.0,9.0,17.0,-8.0,0,1,1
ence-vs-1win-m1-train,28,de_train,28,False,False,False,7.0,3.0,0.42857142857142855,19.429008142857146,11.020689764474643,35.300865,676.0,3795.0,1.844532279314888,1.0,0.0,0.0,True,0.0,1.0,0.0,9.0,18.0,-9.0,0,1,1
ence-vs-1win-m1-train,29,de_train,29,False,False,False,7.0,0.0,0.0,19.44642937142857,11.48460417986898,35.249588,485.0,4043.0,1.7313875834776156,0.0,0.0,0.0,False,0.0,1.0,0.0,9.0,19.0,-10.0,0,1,1
ence-vs-1win-m1-train,30,de_train,30,False,False,False,8.0,3.0,0.375,23.754900125,6.966759397740949,35.46779,546.0,6014.0,1.3302294645826405,1.0,1.0,0.0,False,0.0,1.0,0.0,9.0,20.0,-11.0,0,1,1
ence-vs-1win-m1-train,31,de_train,31,False,False,False,8.0,4.0,0.5,15.4198220375,8.914384924683658,32.2806,628.0,2472.0,3.236245954692557,0.0,0.0,0.0,False,0.0,1.0,1.0,10.0,20.0,-10.0,1,0,1
ence-vs-1win-m1-train,32,de_train,32,False,False,False,7.0,3.0,0.42857142857142855,19.3024671,6.891163017234209,30.169184,611.0,5995.0,1.1676396997497915,0.0,0.0,0.0,False,1.0,0.0,2.0,11.0,20.0,-9.0,1,0,1
ence-vs-1win-m1-train,33,de_train,33,True,False,False,9.0,4.0,0.4444444444444444,19.84562681111111,7.737018229878278,29.304731,568.0,6229.0,1.4448547118317547,1.0,0.0,0.0,True,1.0,0.0,3.0,12.0,20.0,-8.0,1,0,1
ence-vs-1win-m1-train,34,de_train,34,True,False,False,8.0,4.0,0.5,19.80980075,9.174391961047379,31.233414,615.0,6485.0,1.233616037008481,0.0,0.0,0.0,True,1.0,0.0,4.0,13.0,20.0,-7.0,1,0,1
ence-vs-1win-m1-train,35,de_train,35,False,False,False,5.0,1.0,0.2,22.522396399999998,18.46944923800573,46.417233,381.0,395.0,12.658227848101266,2.0,0.0,0.0,False,1.0,0.0,0.0,13.0,21.0,-8.0,0,1,1
fake-do-biru-vs-oddik-m1-dust2,1,de_dust2,1,False,False,False,131.0,95.0,0.7251908396946565,23.38117853851852,18.10655803521218,76.695564,18547.0,49961.0,2.622045195252297,0.0,15.0,0.0,True,0.0,0.0,0.0,0.0,1.0,-1.0,0,1,2
fake-do-biru-vs-oddik-m1-dust2,2,de_dust2,2,True,True,False,17.0,11.0,0.6470588235294118,28.254798917647058,19.40054906663227,74.42132,2162.0,8621.0,1.97192901055562,0.0,0.0,0.0,False,0.0,1.0,0.0,0.0,2.0,-2.0,0,1,2
fake-do-biru-vs-oddik-m1-dust2,3,de_dust2,3,True,False,True,10.0,2.0,0.2,17.3706408,8.742597238032868,27.99788,502.0,6944.0,1.4400921658986177,1.0,0.0,0.0,True,0.0,1.0,1.0,1.0,2.0,-1.0,1,0,2
fake-do-biru-vs-oddik-m1-dust2,4,de_dust2,4,False,False,False,6.0,5.0,0.8333333333333334,32.758780333333334,13.138581891162541,50.49002,444.0,1827.0,3.284072249589491,0.0,1.0,0.0,False,1.0,0.0,2.0,2.0,2.0,0.0,1,0,2
fake-do-biru-vs-oddik-m1-dust2,5,de_dust2,5,True,False,True,1.0,1.0,1.0,3.1571476,0.0,3.1571476,119.0,0.0,1000.0,0.0,0.0,0.0,True,1.0,0.0,3.0,3.0,2.0,1.0,1,0,2
fake-do-biru-vs-oddik-m1-dust2,6,de_dust2,6,False,False,False,9.0,5.0,0.5555555555555556,16.706338333333335,8.092635048542162,30.317703,631.0,10197.0,0.88261253309797,2.0,0.0,0.0,False,1.0,0.0,0.0,3.0,3.0,0.0,0,1,2
fake-do-biru-vs-oddik-m1-dust2,7,de_dust2,7,True,False,False,6.0,5.0,0.8333333333333334,12.5531006,7.117938504488855,24.712059,779.0,2297.0,2.61210274270788,1.0,0.0,0.0,True,0.0,1.0,1.0,4.0,3.0,1.0,1,0,2
fake-do-biru-vs-oddik-m1-dust2,8,de_dust2,8,False,False,False,6.0,1.0,0.16666666666666666,25.76714683333333,12.407567841507205,38.460133,442.0,736.0,8.152173913043478,1.0,1.0,0.0,True,1.0,0.0,2.0,5.0,3.0,2.0,1,0,2
fake-do-biru-vs-oddik-m1-dust2,9,de_dust2,9,True,False,False,7.0,3.0,0.42857142857142855,23.629485,7.405622790201691,36.846806,488.0,2375.0,2.947368421052632,0.0,0.0,0.0,False,1.0,0.0,3.0,6.0,3.0,3.0,1,0,2
fake-do-biru-vs-oddik-m1-dust2,10,de_dust2,10,True,False,True,3.0,2.0,0.6666666666666666,9.372456833333333,5.02320181465946,15.1715145,338.0,96.0,31.25,1.0,0.0,0.0,True,1.0,0.0,4.0,7.0,3.0,4.0,1,0,2
fake-do-biru-vs-oddik-m1-dust2,11,de_dust2,11,False,False,False,8.0,2.0,0.25,15.814777175,9.921028817140094,30.873941,454.0,2707.0,2.9553010712966383,3.0,1.0,0.0,False,1.0,0.0,0.0,7.0,4.0,3.0,0,1,2
fake-do-biru-vs-oddik-m1-dust2,12,de_dust2,12,False,False,False,4.0,1.0,0.25,18.621326425,11.973557133283832,29.887037,227.0,532.0,7.518796992481203,0.0,0.0,0.0,False,0.0,1.0,0.0,7.0,5.0,2.0,0,1,2
fake-do-biru-vs-oddik-m1-dust2,13,de_dust2,13,True,True,False,10.0,6.0,0.6,22.60883206,13.644710835240055,52.944016,1107.0,8502.0,1.1761938367442955,2.0,0.0,0.0,False,0.0,1.0,0.0,7.0,6.0,1.0,0,1,2
fake-do-biru-vs-oddik-m1-dust2,14,de_dust2,14,False,False,False,7.0,6.0,0.8571428571428571,18.72666848571429,12.689381754955216,38.123062,685.0,829.0,8.443908323281061,0.0,0.0,0.0,True,0.0,1.0,1.0,8.0,6.0,2.0,1,0,2
fake-do-biru-vs-oddik-m1-dust2,15,de_dust2,15,False,False,False,5.0,2.0,0.4,9.6366008,6.047690700213115,16.328833,295.0,2107.0,2.3730422401518747,0.0,0.0,0.0,False,1.0,0.0,0.0,8.0,7.0,1.0,0,1,2
fake-do-biru-vs-oddik-m1-dust2,16,de_dust2,16,False,False,False,7.0,4.0,0.5714285714285714,22.94419242857143,4.138915582149865,32.121563,535.0,5863.0,1.1939280231963159,0.0,1.0,0.0,False,0.0,1.0,0.0,8.0,8.0,0.0,0,1,2
fake-do-biru-vs-oddik-m1-dust2,17,de_dust2,17,False,False,False,5.0,2.0,0.4,27.9977574,11.782974771850393,44.960506,465.0,2361.0,2.1177467174925875,0.0,0.0,0.0,True,0.0,1.0,0.0,8.0,9.0,-1.0,0,1,2
fake-do-biru-vs-oddik-m1-dust2,18,de_dust2,18,True,False,True,10.0,7.0,0.7,18.4920522,10.620729641329136,35.840176,1353.0,4057.0,2.464875523786049,0.0,0.0,0.0,False,0.0,1.0,1.0,9.0,9.0,0.0,1,0,2
fake-do-biru-vs-oddik-m1-dust2,19,de_dust2,19,False,False,False,5.0,2.0,0.4,18.9425572,6.337957677790591,28.8257,855.0,3693.0,1.3539128080151637,0.0,0.0,0.0,False,1.0,0.0,0.0,9.0,10.0,-1.0,0,1,2
fake-do-biru-vs-oddik-m1-dust2,20,de_dust2,20,True,True,False,6.0,2.0,0.3333333333333333,17.966353666666667,3.9786406441478315,22.588434,509.0,2756.0,2.1770682148040637,0.0,0.0,0.0,False,0.0,1.0,0.0,9.0,11.0,-2.0,0,1,2
fake-do-biru-vs-oddik-m1-dust2,21,de_dust2,21,False,False,False,6.0,2.0,0.3333333333333333,26.945838999999996,11.601946786662003,39.35378,437.0,4103.0,1.4623446258835,2.0,0.0,0.0,False,0.0,1.0,0.0,9.0,12.0,-3.0,0,1,2
fake-do-biru-vs-oddik-m2-train,1,de_train,1,False,False,False,151.0,161.0,1.0662251655629138,11.928075703782383,8.565126428355804,64.83094,21328.0,44340.0,3.4055029318899415,0.0,2.0,0.0,True,0.0,0.0,1.0,1.0,0.0,1.0,1,0,1
fake-do-biru-vs-oddik-m2-train,2,de_train,2,True,False,False,10.0,7.0,0.7,17.70270371,10.1313285145007,38.23963,845.0,10619.0,0.9417082587814295,0.0,0.0,0.0,False,1.0,0.0,2.0,2.0,0.0,2.0,1,0,1
fake-do-biru-vs-oddik-m2-train,3,de_train,3,True,False,False,4.0,3.0,0.75,18.36478,8.836101048624256,31.045658,295.0,2120.0,1.8867924528301887,0.0,0.0,0.0,False,1.0,0.0,3.0,3.0,0.0,3.0,1,0,1
fake-do-biru-vs-oddik-m2-train,4,de_train,4,True,False,False,6.0,2.0,0.3333333333333333,11.99164445,6.91455909080409,19.282103,448.0,2771.0,2.165283291230603,0.0,0.0,0.0,False,1.0,0.0,4.0,4.0,0.0,4.0,1,0,1
fake-do-biru-vs-oddik-m2-train,5,de_train,5,True,True,False,8.0,3.0,0.375,26.701347,10.522411832980646,42.878273,798.0,2028.0,3.9447731755424065,3.0,1.0,0.0,False,1.0,0.0,0.0,4.0,1.0,3.0,0,1,1
fake-do-biru-vs-oddik-m2-train,6,de_train,6,False,False,False,8.0,3.0,0.375,20.2274855,7.972166963124268,30.435686,1094.0,2146.0,3.727865796831314,0.0,0.0,0.0,False,0.0,1.0,0.0,4.0,2.0,2.0,0,1,1
fake-do-biru-vs-oddik-m2-train,7,de_train,7,True,False,True,5.0,2.0,0.4,24.1577242,12.077084843620366,43.779037,391.0,2905.0,1.721170395869191,0.0,0.0,0.0,False,0.0,1.0,1.0,5.0,2.0,3.0,1,0,1
fake-do-biru-vs-oddik-m2-train,8,de_train,8,True,False,False,6.0,2.0,0.3333333333333333,19.145240666666666,9.9939290898319,35.89613,421.0,2606.0,2.3023791250959325,2.0,0.0,0.0,False,1.0,0.0,2.0,6.0,2.0,4.0,1,0,1
fake-do-biru-vs-oddik-m2-train,9,de_train,9,True,False,False,6.0,5.0,0.8333333333333334,15.87135655,6.265123183642092,21.449675,656.0,3622.0,1.6565433462175594,0.0,0.0,0.0,True,1.0,0.0,3.0,7.0,2.0,5.0,1,0,1
fake-do-biru-vs-oddik-m2-train,10,de_train,10,False,False,False,6.0,0.0,0.0,23.180615833333334,15.131519775798441,41.0449,566.0,5270.0,1.1385199240986716,1.0,0.0,0.0,False,1.0,0.0,0.0,7.0,3.0,4.0,0,1,1
fake-do-biru-vs-oddik-m2-train,11,de_train,11,False,False,False,6.0,1.0,0.16666666666666666,24.305935166666668,4.209679368608086,31.023731,364.0,2404.0,2.4958402662229617,0.0,0.0,0.0,False,0.0,1.0,0.0,7.0,4.0,3.0,0,1,1
fake-do-biru-vs-oddik-m2-train,12,de_train,12,True,True,False,7.0,3.0,0.42857142857142855,19.37979985714286,9.117698765580244,36.70666,703.0,3640.0,1.9230769230769231,0.0,0.0,0.0,True,0.0,1.0,0.0,7.0,5.0,2.0,0,1,1
fake-do-biru-vs-oddik-m2-train,13,de_train,13,True,False,False,7.0,3.0,0.42857142857142855,18.498751,4.950553543714784,26.6995,380.0,4709.0,1.4865151836908048,0.0,2.0,0.0,False,0.0,1.0,1.0,8.0,5.0,3.0,1,0,1
fake-do-biru-vs-oddik-m2-train,14,de_train,14,False,False,False,6.0,6.0,1.0,20.93643283333333,9.0246182634684,33.11833,676.0,936.0,6.41025641025641,0.0,0.0,0.0,True,1.0,0.0,0.0,8.0,6.0,2.0,0,1,1
fake-do-biru-vs-oddik-m2-train,15,de_train,15,False,False,False,6.0,3.0,0.5,11.477761383333332,8.915157723762542,26.957216,394.0,105.0,57.14285714285714,0.0,0.0,0.0,True,0.0,1.0,0.0,8.0,7.0,1.0,0,1,1
fake-do-biru-vs-oddik-m2-train,16,de_train,16,True,False,True,7.0,4.0,0.5714285714285714,18.74424807142857,8.077782924285497,33.33846,428.0,3895.0,1.797175866495507,0.0,0.0,0.0,True,0.0,1.0,1.0,9.0,7.0,2.0,1,0,1
fake-do-biru-vs-oddik-m2-train,17,de_train,17,False,False,False,5.0,2.0,0.4,19.482763499999997,16.107318367962737,42.90786,682.0,665.0,7.518796992481203,0.0,0.0,0.0,False,1.0,0.0,0.0,9.0,8.0,1.0,0,1,1
fake-do-biru-vs-oddik-m2-train,18,de_train,18,False,False,False,7.0,4.0,0.5714285714285714,20.19851142857143,7.485887757067626,31.285585,547.0,4808.0,1.4559068219633944,0.0,0.0,0.0,False,0.0,1.0,0.0,9.0,9.0,0.0,0,1,1
fake-do-biru-vs-oddik-m2-train,19,de_train,19,False,False,False,6.0,3.0,0.5,14.136583199999999,5.61897478097699,18.577131,629.0,2454.0,2.444987775061125,0.0,0.0,0.0,False,0.0,1.0,0.0,9.0,10.0,-1.0,0,1,1
fake-do-biru-vs-oddik-m2-train,20,de_train,20,False,False,False,7.0,3.0,0.42857142857142855,16.116799685714287,12.285286002165588,34.81806,447.0,2481.0,2.8214429665457477,1.0,0.0,0.0,False,0.0,1.0,0.0,9.0,11.0,-2.0,0,1,1
kaleido-vs-arise-m2-inferno,2,de_inferno,2,False,False,False,8.0,0.0,0.0,1.163003315,0.4925407999576356,2.0411015,328.0,1497.0,5.344021376085505,0.0,0.0,0.0,False,0.0,0.0,1.0,1.0,0.0,1.0,1,0,3
kaleido-vs-arise-m2-inferno,3,de_inferno,3,True,False,False,8.0,7.0,0.875,18.183744875,9.502219267264831,36.28566,822.0,6143.0,1.3022952954582452,0.0,0.0,0.0,True,1.0,0.0,2.0,2.0,0.0,2.0,1,0,3
kaleido-vs-arise-m2-inferno,4,de_inferno,4,True,False,True,5.0,5.0,1.0,15.186330519999999,11.110434887084189,30.84743,509.0,1057.0,4.7303689687795645,0.0,0.0,0.0,True,1.0,0.0,3.0,3.0,0.0,3.0,1,0,3
kaleido-vs-arise-m2-inferno,5,de_inferno,5,True,False,False,9.0,4.0,0.4444444444444444,11.280120477777778,4.678562462553341,21.30599,740.0,3048.0,2.952755905511811,2.0,0.0,0.0,False,1.0,0.0,4.0,4.0,0.0,4.0,1,0,3
kaleido-vs-arise-m2-inferno,6,de_inferno,6,False,False,False,8.0,5.0,0.625,21.787490875,8.289387134120204,34.813164,644.0,4285.0,1.866977829638273,0.0,0.0,0.0,True,1.0,0.0,0.0,4.0,1.0,3.0,0,1,3
kaleido-vs-arise-m2-inferno,7,de_inferno,7,False,False,False,5.0,2.0,0.4,18.6670142,4.653554095236854,26.467495,367.0,1789.0,2.794857462269424,0.0,1.0,0.0,False,0.0,1.0,0.0,4.0,2.0,2.0,0,1,3
kaleido-vs-arise-m2-inferno,8,de_inferno,8,True,True,False,9.0,4.0,0.4444444444444444,16.481438411111114,10.027804875345796,34.330925,794.0,6587.0,1.366327614999241,4.0,1.0,0.0,True,0.0,1.0,0.0,4.0,3.0,1.0,0,1,3
kaleido-vs-arise-m2-inferno,9,de_inferno,9,False,False,False,7.0,3.0,0.42857142857142855,17.578770714285714,7.002324146226135,29.79491,643.0,3142.0,2.227880330999364,1.0,0.0,0.0,False,0.0,1.0,0.0,4.0,4.0,0.0,0,1,3
kaleido-vs-arise-m2-inferno,10,de_inferno,10,False,False,False,8.0,6.0,0.75,9.2369087125,3.130494195865055,14.942044,709.0,4370.0,1.8306636155606408,0.0,0.0,0.0,True,0.0,1.0,0.0,4.0,5.0,-1.0,0,1,3
kaleido-vs-arise-m2-inferno,11,de_inferno,11,False,False,False,6.0,3.0,0.5,13.59801725,8.167740889286287,25.986181,523.0,1179.0,5.089058524173028,0.0,0.0,0.0,False,0.0,1.0,0.0,4.0,6.0,-2.0,0,1,3
kaleido-vs-arise-m2-inferno,12,de_inferno,12,True,False,True,7.0,3.0,0.42857142857142855,21.137303857142857,17.44955589719072,55.393574,981.0,4631.0,1.511552580436191,2.0,0.0,0.0,True,0.0,1.0,1.0,5.0,6.0,-1.0,1,0,3
kaleido-vs-arise-m2-inferno,13,de_inferno,13,True,True,False,7.0,4.0,0.5714285714285714,16.410827571428573,7.625164058009941,28.128977,795.0,4269.0,1.6397282736003749,1.0,0.0,0.0,True,1.0,0.0,0.0,5.0,7.0,-2.0,0,1,3
kaleido-vs-arise-m2-inferno,14,de_inferno,14,True,True,False,8.0,4.0,0.5,16.464599375,7.263128520741791,30.711529,598.0,2140.0,3.7383177570093458,1.0,0.0,0.0,False,0.0,1.0,0.0,5.0,8.0,-3.0,0,1,3
kaleido-vs-arise-m2-inferno,15,de_inferno,15,True,False,False,6.0,6.0,1.0,11.465234366666666,8.799577753574463,22.095057,755.0,3044.0,1.9710906701708277,0.0,0.0,0.0,True,0.0,1.0,1.0,6.0,8.0,-2.0,1,0,3
kaleido-vs-arise-m2-inferno,16,de_inferno,16,False,False,False,8.0,6.0,0.75,12.701040775000001,9.543354265620213,32.049232,576.0,640.0,12.5,0.0,1.0,0.0,True,1.0,0.0,2.0,7.0,8.0,-1.0,1,0,3
kaleido-vs-arise-m2-inferno,17,de_inferno,17,False,False,False,7.0,5.0,0.7142857142857143,15.822390857142858,6.212221977586077,21.760857,704.0,2187.0,3.2007315957933242,0.0,2.0,0.0,True,1.0,0.0,3.0,8.0,8.0,0.0,1,0,3
kaleido-vs-arise-m2-inferno,18,de_inferno,18,True,False,True,4.0,2.0,0.5,13.35932915,5.194092288116667,17.079222,288.0,666.0,6.006006006006006,1.0,0.0,0.0,True,1.0,0.0,4.0,9.0,8.0,1.0,1,0,3
kaleido-vs-arise-m2-inferno,19,de_inferno,19,False,False,False,8.0,4.0,0.5,13.545256025,14.068574985022291,39.57768,671.0,3332.0,2.4009603841536613,1.0,1.0,0.0,False,1.0,0.0,5.0,10.0,8.0,2.0,1,0,3
mouz-vs-gentle-mates-m1-inferno-p1,2,de_inferno,2,False,False,False,7.0,5.0,0.7142857142857143,14.102293285714286,5.912377839207413,22.627506,624.0,670.0,10.447761194029852,0.0,0.0,0.0,False,0.0,0.0,0.0,0.0,1.0,-1.0,0,1,3
mouz-vs-gentle-mates-m1-inferno-p1,3,de_inferno,3,False,False,False,6.0,2.0,0.3333333333333333,17.792902666666667,10.349470847676253,38.103024,321.0,2889.0,2.0768431983385254,1.0,0.0,0.0,False,0.0,1.0,0.0,0.0,2.0,-2.0,0,1,3
mouz-vs-gentle-mates-m1-inferno-p1,4,de_inferno,4,False,False,False,6.0,2.0,0.3333333333333333,15.397530216666667,9.371348247948474,29.291239,345.0,850.0,7.058823529411765,0.0,0.0,0.0,True,0.0,1.0,0.0,0.0,3.0,-3.0,0,1,3
mouz-vs-gentle-mates-m1-inferno-p2,2,de_inferno,2,True,False,True,3.0,2.0,0.6666666666666666,16.038374666666666,4.688696405895388,19.645767,330.0,1981.0,1.5143866733972742,0.0,0.0,0.0,False,0.0,0.0,1.0,1.0,0.0,1.0,1,0,3
mouz-vs-gentle-mates-m1-inferno-p2,3,de_inferno,3,True,False,False,8.0,3.0,0.375,10.8526201875,6.126599947100686,19.01553,643.0,2768.0,2.890173410404624,1.0,1.0,0.0,True,1.0,0.0,2.0,2.0,0.0,2.0,1,0,3
mouz-vs-gentle-mates-m1-inferno-p2,4,de_inferno,4,True,True,False,8.0,4.0,0.5,13.3772491875,6.0338711325633465,25.098925,585.0,4127.0,1.938454082868912,0.0,0.0,0.0,False,1.0,0.0,0.0,2.0,1.0,1.0,0,1,3
mouz-vs-gentle-mates-m1-inferno-p2,5,de_inferno,5,True,False,True,4.0,2.0,0.5,13.677497449999999,12.616023623667942,32.32496,454.0,1716.0,2.331002331002331,2.0,0.0,0.0,True,0.0,1.0,1.0,3.0,1.0,2.0,1,0,3
mouz-vs-gentle-mates-m1-inferno-p2,6,de_inferno,6,False,False,False,9.0,6.0,0.6666666666666666,16.63444352222222,4.938838955258462,21.713161,715.0,8236.0,1.0927634774162214,1.0,1.0,0.0,True,1.0,0.0,0.0,3.0,2.0,1.0,0,1,3
mouz-vs-gentle-mates-m1-inferno-p2,7,de_inferno,7,False,False,False,6.0,3.0,0.5,21.25896883333333,2.979514125576612,23.947376,384.0,2143.0,2.7998133457769483,0.0,0.0,0.0,False,0.0,1.0,0.0,3.0,3.0,0.0,0,1,3
mouz-vs-gentle-mates-m1-inferno-p2,8,de_inferno,8,False,False,False,6.0,3.0,0.5,17.209854833333335,8.38090876368928,32.101685,403.0,1637.0,3.665241295051924,0.0,0.0,0.0,False,0.0,1.0,0.0,3.0,4.0,-1.0,0,1,3
mouz-vs-gentle-mates-m1-inferno-p2,9,de_inferno,9,True,True,False,8.0,4.0,0.5,16.7763908875,9.997121501771867,32.092545,682.0,2179.0,3.6714089031665904,0.0,1.0,0.0,False,0.0,1.0,0.0,3.0,5.0,-2.0,0,1,3
mouz-vs-gentle-mates-m1-inferno-p2,10,de_inferno,10,True,False,True,10.0,3.0,0.3,17.27747322,10.884182738587453,29.211124,1191.0,5834.0,1.7140898183064792,0.0,1.0,0.0,True,0.0,1.0,1.0,4.0,5.0,-1.0,1,0,3
mouz-vs-gentle-mates-m1-inferno-p2,11,de_inferno,11,True,False,False,8.0,6.0,0.75,12.082512750000001,5.207176320684553,22.759474,744.0,3393.0,2.357795461243737,0.0,0.0,0.0,False,1.0,0.0,2.0,5.0,5.0,0.0,1,0,3
mouz-vs-gentle-mates-m1-inferno-p2,12,de_inferno,12,False,False,False,6.0,4.0,0.6666666666666666,11.832792033333334,10.335300409933195,31.202595,520.0,2850.0,2.1052631578947367,0.0,0.0,0.0,True,1.0,0.0,3.0,6.0,5.0,1.0,1,0,3
mouz-vs-gentle-mates-m1-inferno-p2,13,de_inferno,13,True,False,True,3.0,2.0,0.6666666666666666,14.526073333333335,7.792703791187777,20.263327,262.0,3688.0,0.8134490238611713,1.0,0.0,0.0,True,1.0,0.0,4.0,7.0,5.0,2.0,1,0,3
mouz-vs-gentle-mates-m1-inferno-p2,14,de_inferno,14,True,False,False,7.0,4.0,0.5714285714285714,12.781920185714286,10.763392746013869,33.13598,479.0,3356.0,2.0858164481525625,3.0,2.0,0.0,False,1.0,0.0,5.0,8.0,5.0,3.0,1,0,3
mouz-vs-gentle-mates-m1-inferno-p2,15,de_inferno,15,True,False,False,10.0,1.0,0.1,11.06322845,8.997849124201734,28.841734,1144.0,5983.0,1.671402306535183,1.0,1.0,0.0,False,1.0,0.0,6.0,9.0,5.0,4.0,1,0,3
nemiga-vs-tpudcatb-tpu-m1-dust2,2,de_dust2,2,False,False,False,7.0,0.0,0.0,1.3298568185714286,0.5135488526673403,2.0974321,257.0,992.0,7.056451612903226,0.0,0.0,0.0,False,0.0,0.0,1.0,1.0,0.0,1.0,1,0,2
nemiga-vs-tpudcatb-tpu-m1-dust2,3,de_dust2,3,False,False,False,7.0,4.0,0.5714285714285714,12.477818157142858,7.157410702672951,22.13537,605.0,4386.0,1.595987232102143,0.0,0.0,0.0,False,1.0,0.0,0.0,1.0,1.0,0.0,0,1,2
nemiga-vs-tpudcatb-tpu-m1-dust2,4,de_dust2,4,False,False,False,6.0,3.0,0.5,13.49255345,9.964429688445863,32.800404,377.0,2002.0,2.997002997002997,0.0,1.0,0.0,False,0.0,1.0,0.0,1.0,2.0,-1.0,0,1,2
nemiga-vs-tpudcatb-tpu-m1-dust2,5,de_dust2,5,False,False,False,7.0,2.0,0.2857142857142857,15.828579199999998,7.321524265526213,28.403257,389.0,2288.0,3.0594405594405596,0.0,0.0,0.0,False,0.0,1.0,0.0,1.0,3.0,-2.0,0,1,2
nemiga-vs-tpudcatb-tpu-m1-dust2,6,de_dust2,6,True,True,False,7.0,4.0,0.5714285714285714,23.240852999999998,8.734081768517816,42.633827,832.0,3378.0,2.0722320899940794,2.0,1.0,0.0,True,0.0,1.0,0.0,1.0,4.0,-3.0,0,1,2
nemiga-vs-tpudcatb-tpu-m1-dust2,7,de_dust2,7,False,False,False,2.0,0.0,0.0,25.007575,19.181084612483467,38.57065,68.0,158.0,12.658227848101266,0.0,0.0,0.0,False,0.0,1.0,0.0,1.0,5.0,-4.0,0,1,2
nemiga-vs-tpudcatb-tpu-m1-dust2,8,de_dust2,8,True,False,True,5.0,3.0,0.6,22.190542999999998,5.018896067093838,25.854641,359.0,1365.0,3.663003663003663,0.0,0.0,0.0,True,0.0,1.0,1.0,2.0,5.0,-3.0,1,0,2
nemiga-vs-tpudcatb-tpu-m1-dust2,9,de_dust2,9,False,False,False,8.0,3.0,0.375,19.544534249999998,8.381260674683967,30.189583,476.0,2932.0,2.728512960436562,3.0,2.0,0.0,False,1.0,0.0,0.0,2.0,6.0,-4.0,0,1,2
nemiga-vs-tpudcatb-tpu-m1-dust2,10,de_dust2,10,False,False,False,6.0,4.0,0.6666666666666666,15.426730866666666,8.498658786469951,30.185057,556.0,1850.0,3.243243243243243,0.0,0.0,0.0,True,0.0,1.0,0.0,2.0,7.0,-5.0,0,1,2
nemiga-vs-tpudcatb-tpu-m1-dust2,11,de_dust2,11,True,False,True,5.0,4.0,0.8,20.1393346,8.207286068460407,28.838026,413.0,6043.0,0.8274036074797286,1.0,0.0,0.0,True,0.0,1.0,1.0,3.0,7.0,-4.0,1,0,2
nemiga-vs-tpudcatb-tpu-m1-dust2,12,de_dust2,12,False,False,False,6.0,4.0,0.6666666666666666,16.357224166666665,6.813955710348385,25.118399,493.0,668.0,8.982035928143713,1.0,0.0,0.0,False,1.0,0.0,0.0,3.0,8.0,-5.0,0,1,2
nemiga-vs-tpudcatb-tpu-m1-dust2,13,de_dust2,13,True,False,False,9.0,5.0,0.5555555555555556,20.443948777777777,11.076737886290246,44.38741,727.0,4212.0,2.136752136752137,2.0,0.0,0.0,True,0.0,1.0,1.0,4.0,8.0,-4.0,1,0,2
nemiga-vs-tpudcatb-tpu-m1-dust2,14,de_dust2,14,True,False,False,6.0,4.0,0.6666666666666666,18.712242333333332,10.720951219184997,35.499462,424.0,2650.0,2.2641509433962264,0.0,1.0,0.0,True,1.0,0.0,2.0,5.0,8.0,-3.0,1,0,2
nemiga-vs-tpudcatb-tpu-m1-dust2,15,de_dust2,15,True,False,False,9.0,9.0,1.0,18.451232355555554,9.763347317007268,34.08187,996.0,4453.0,2.021109364473389,2.0,0.0,0.0,True,1.0,0.0,3.0,6.0,8.0,-2.0,1,0,2
nemiga-vs-tpudcatb-tpu-m1-dust2,16,de_dust2,16,True,False,True,4.0,3.0,0.75,27.734681000000002,6.632450142241454,33.29028,417.0,415.0,9.63855421686747,0.0,0.0,0.0,True,1.0,0.0,4.0,7.0,8.0,-1.0,1,0,2
nemiga-vs-tpudcatb-tpu-m1-dust2,17,de_dust2,17,False,False,False,5.0,2.0,0.4,12.05690186,4.025897417043224,16.09245,304.0,1572.0,3.1806615776081424,0.0,0.0,0.0,False,1.0,0.0,0.0,7.0,9.0,-2.0,0,1,2
nemiga-vs-tpudcatb-tpu-m1-dust2,18,de_dust2,18,False,False,False,9.0,7.0,0.7777777777777778,12.78710368888889,7.440384972556232,27.011621,779.0,1236.0,7.281553398058253,2.0,0.0,0.0,True,0.0,1.0,0.0,7.0,10.0,-3.0,0,1,2
nemiga-vs-tpudcatb-tpu-m1-dust2,19,de_dust2,19,False,False,False,7.0,2.0,0.2857142857142857,17.854212614285714,8.235611063119098,25.853224,302.0,1426.0,4.908835904628331,0.0,2.0,0.0,False,0.0,1.0,0.0,7.0,11.0,-4.0,0,1,2
nemiga-vs-tpudcatb-tpu-m1-dust2,20,de_dust2,20,False,False,False,9.0,3.0,0.3333333333333333,19.7792683,10.985254470733114,35.277637,641.0,2917.0,3.0853616729516626,0.0,0.0,0.0,False,0.0,1.0,0.0,7.0,12.0,-5.0,0,1,2
nemiga-vs-tpudcatb-tpu-m1-dust2,21,de_dust2,21,False,False,False,8.0,5.0,0.625,18.9007395625,9.52685024509216,35.474205,591.0,3869.0,2.067717756526234,0.0,0.0,0.0,True,0.0,1.0,1.0,8.0,12.0,-4.0,1,0,2
nemiga-vs-tpudcatb-tpu-m1-dust2,22,de_dust2,22,True,False,False,4.0,2.0,0.5,10.424691124999999,3.9131969530338915,14.148586,281.0,315.0,12.698412698412698,1.0,0.0,0.0,False,1.0,0.0,0.0,8.0,13.0,-5.0,0,1,2
nemiga-vs-tpudcatb-tpu-m1-dust2,23,de_dust2,23,True,False,True,2.0,1.0,0.5,19.0058205,8.422902535322635,24.961712,134.0,145.0,13.793103448275861,0.0,0.0,0.0,True,0.0,1.0,1.0,9.0,13.0,-4.0,1,0,2
nemiga-vs-tpudcatb-tpu-m1-dust2,24,de_dust2,24,True,False,False,6.0,4.0,0.6666666666666666,19.750771216666667,13.053485694449913,37.181614,492.0,3783.0,1.5860428231562251,1.0,0.0,0.0,False,1.0,0.0,2.0,10.0,13.0,-3.0,1,0,2
sparta-vs-cybershoke-m1-dust2,2,de_dust2,2,False,False,False,9.0,0.0,0.0,1.2621159766666665,0.43752647698939934,2.0835268,445.0,1746.0,5.154639175257732,0.0,0.0,0.0,False,0.0,0.0,1.0,1.0,0.0,1.0,1,0,2
sparta-vs-cybershoke-m1-dust2,3,de_dust2,3,True,False,False,7.0,5.0,0.7142857142857143,25.06751477142857,17.85208122260284,59.707947,505.0,3742.0,1.8706574024585783,0.0,0.0,0.0,True,1.0,0.0,2.0,2.0,0.0,2.0,1,0,2
sparta-vs-cybershoke-m1-dust2,4,de_dust2,4,False,False,False,8.0,4.0,0.5,26.460804337499997,12.931880584181998,40.937187,601.0,2718.0,2.9433406916850626,1.0,1.0,0.0,False,1.0,0.0,0.0,2.0,1.0,1.0,0,1,2
sparta-vs-cybershoke-m1-dust2,5,de_dust2,5,False,False,False,6.0,4.0,0.6666666666666666,15.318742633333335,13.138219830647328,29.495659,616.0,647.0,9.27357032457496,0.0,0.0,0.0,False,0.0,1.0,0.0,2.0,2.0,0.0,0,1,2
sparta-vs-cybershoke-m1-dust2,6,de_dust2,6,True,True,False,6.0,2.0,0.3333333333333333,18.622426033333333,12.61957276512476,33.56867,379.0,1452.0,4.132231404958678,0.0,1.0,0.0,False,0.0,1.0,0.0,2.0,3.0,-1.0,0,1,2
sparta-vs-cybershoke-m1-dust2,7,de_dust2,7,False,False,False,6.0,2.0,0.3333333333333333,32.54683966666666,23.272080574559816,73.29068,450.0,5081.0,1.180869907498524,0.0,0.0,0.0,False,0.0,1.0,0.0,2.0,4.0,-2.0,0,1,2
sparta-vs-cybershoke-m1-dust2,8,de_dust2,8,False,False,False,7.0,2.0,0.2857142857142857,18.249953857142856,6.796334963208489,26.754578,408.0,1342.0,5.216095380029807,0.0,1.0,0.0,False,0.0,1.0,0.0,2.0,5.0,-3.0,0,1,2
sparta-vs-cybershoke-m1-dust2,9,de_dust2,9,False,False,False,8.0,6.0,0.75,18.02052935,11.923919594315358,34.175198,791.0,2729.0,2.9314767314034444,1.0,0.0,0.0,True,0.0,1.0,0.0,2.0,6.0,-4.0,0,1,2
sparta-vs-cybershoke-m1-dust2,10,de_dust2,10,True,False,False,6.0,1.0,0.16666666666666666,18.994904583333334,7.441869208622498,29.488535,396.0,2152.0,2.7881040892193307,2.0,0.0,0.0,False,0.0,1.0,1.0,3.0,6.0,-3.0,1,0,2
sparta-vs-cybershoke-m1-dust2,11,de_dust2,11,True,False,False,8.0,0.0,0.0,26.509780625,13.156910959008803,42.053856,920.0,5964.0,1.341381623071764,0.0,1.0,0.0,False,1.0,0.0,2.0,4.0,6.0,-2.0,1,0,2
sparta-vs-cybershoke-m1-dust2,12,de_dust2,12,True,False,True,8.0,2.0,0.25,24.677543125,8.739239327946345,38.80602,645.0,4426.0,1.8075011296882062,1.0,0.0,0.0,False,1.0,0.0,3.0,5.0,6.0,-1.0,1,0,2
sparta-vs-cybershoke-m1-dust2,13,de_dust2,13,True,False,True,5.0,0.0,0.0,15.3081388,12.130537332516198,33.202324,207.0,307.0,16.286644951140065,0.0,0.0,0.0,False,1.0,0.0,4.0,6.0,6.0,0.0,1,0,2
sparta-vs-cybershoke-m1-dust2,14,de_dust2,14,False,False,False,5.0,4.0,0.8,8.6169695,4.38880052198713,13.79815,560.0,1412.0,3.5410764872521248,0.0,0.0,0.0,True,1.0,0.0,5.0,7.0,6.0,1.0,1,0,2
sparta-vs-cybershoke-m1-dust2,15,de_dust2,15,False,False,False,6.0,5.0,0.8333333333333334,19.21807516666667,14.465340484971094,47.657803,539.0,598.0,10.033444816053512,1.0,2.0,0.0,True,1.0,0.0,0.0,7.0,7.0,0.0,0,1,2
sparta-vs-cybershoke-m1-dust2,16,de_dust2,16,False,False,False,6.0,4.0,0.6666666666666666,22.57318933333333,6.611607017818578,28.356647,468.0,452.0,13.274336283185841,0.0,0.0,0.0,True,0.0,1.0,0.0,7.0,8.0,-1.0,0,1,2
sparta-vs-cybershoke-m1-dust2,17,de_dust2,17,True,False,False,9.0,4.0,0.4444444444444444,10.523240399999999,4.613545634978947,17.002674,535.0,5974.0,1.5065282892534315,0.0,0.0,0.0,True,0.0,1.0,1.0,8.0,8.0,0.0,1,0,2
sparta-vs-cybershoke-m1-dust2,18,de_dust2,18,True,False,True,7.0,3.0,0.42857142857142855,17.203286785714287,12.030826237747029,35.53441,394.0,3947.0,1.77349885989359,2.0,2.0,0.0,True,1.0,0.0,2.0,9.0,8.0,1.0,1,0,2
sparta-vs-cybershoke-m1-dust2,19,de_dust2,19,False,False,False,7.0,2.0,0.2857142857142857,14.47960682857143,14.364821189552394,46.086792,417.0,19483.0,0.3592875840476313,0.0,0.0,0.0,False,1.0,0.0,0.0,9.0,9.0,0.0,0,1,2
sparta-vs-cybershoke-m1-dust2,20,de_dust2,20,False,False,False,9.0,3.0,0.3333333333333333,18.13152058888889,5.579226241216281,24.665142,727.0,1822.0,4.939626783754116,0.0,0.0,0.0,True,0.0,1.0,0.0,9.0,10.0,-1.0,0,1,2
sparta-vs-cybershoke-m1-dust2,21,de_dust2,21,False,False,False,7.0,6.0,0.8571428571428571,22.788871914285714,24.1983771756889,73.58657,754.0,1795.0,3.8997214484679663,0.0,0.0,0.0,False,0.0,1.0,0.0,9.0,11.0,-2.0,0,1,2
sparta-vs-cybershoke-m1-dust2,22,de_dust2,22,True,True,False,8.0,3.0,0.375,22.9760404375,9.428264808610967,43.978405,444.0,4261.0,1.8774935461159352,0.0,1.0,0.0,True,0.0,1.0,0.0,9.0,12.0,-3.0,0,1,2
sparta-vs-cybershoke-m1-dust2,23,de_dust2,23,False,False,False,6.0,4.0,0.6666666666666666,14.461862166666668,6.963726501726971,24.224499,637.0,4236.0,1.41643059490085,0.0,0.0,0.0,True,0.0,1.0,0.0,9.0,13.0,-4.0,0,1,2
vpprodigy-vs-fire-flux-m1-mirage,2,de_mirage,2,True,False,False,5.0,3.0,0.6,9.95946072,5.089934972409402,18.262367,365.0,1423.0,3.513703443429374,0.0,0.0,0.0,False,0.0,0.0,1.0,1.0,0.0,1.0,1,0,4
vpprodigy-vs-fire-flux-m1-mirage,3,de_mirage,3,True,False,False,5.0,0.0,0.0,17.5347234,12.764395092982737,39.609806,140.0,1086.0,4.6040515653775325,0.0,0.0,0.0,False,1.0,0.0,2.0,2.0,0.0,2.0,1,0,4
vpprodigy-vs-fire-flux-m1-mirage,4,de_mirage,4,False,False,False,6.0,2.0,0.3333333333333333,15.431226500000001,13.500296030994992,36.97558,262.0,1094.0,5.484460694698354,0.0,0.0,0.0,True,1.0,0.0,0.0,2.0,1.0,1.0,0,1,4
vpprodigy-vs-fire-flux-m1-mirage,5,de_mirage,5,False,False,False,8.0,6.0,0.75,21.525653249999998,12.367585230718829,38.15151,616.0,2796.0,2.8612303290414878,3.0,0.0,0.0,True,0.0,1.0,0.0,2.0,2.0,0.0,0,1,4
vpprodigy-vs-fire-flux-m1-mirage,6,de_mirage,6,False,False,False,5.0,3.0,0.6,17.481282399999998,8.059792492017786,27.939634,441.0,137.0,36.4963503649635,0.0,0.0,0.0,True,0.0,1.0,0.0,2.0,3.0,-1.0,0,1,4
vpprodigy-vs-fire-flux-m1-mirage,7,de_mirage,7,True,False,False,8.0,3.0,0.375,17.376023625000002,9.002339483534504,32.356155,425.0,3610.0,2.21606648199446,2.0,1.0,0.0,False,0.0,1.0,1.0,3.0,3.0,0.0,1,0,4
vpprodigy-vs-fire-flux-m1-mirage,8,de_mirage,8,False,False,False,8.0,2.0,0.25,19.987536,14.124122523672076,51.71584,609.0,5041.0,1.5869867089863123,0.0,0.0,0.0,False,1.0,0.0,2.0,4.0,3.0,1.0,1,0,4
vpprodigy-vs-fire-flux-m1-mirage,9,de_mirage,9,True,False,False,7.0,4.0,0.5714285714285714,19.45241042857143,8.997586171959046,30.231709,986.0,4458.0,1.5702108568864963,0.0,0.0,0.0,True,1.0,0.0,3.0,5.0,3.0,2.0,1,0,4
vpprodigy-vs-fire-flux-m1-mirage,10,de_mirage,10,False,False,False,7.0,0.0,0.0,28.321883785714284,9.18779450985225,38.006332,260.0,6176.0,1.1334196891191708,3.0,0.0,0.0,False,1.0,0.0,0.0,5.0,4.0,1.0,0,1,4
vpprodigy-vs-fire-flux-m1-mirage,11,de_mirage,11,False,False,False,9.0,5.0,0.5555555555555556,22.721850333333336,12.619484114711327,43.30726,943.0,3939.0,2.284843869002285,2.0,1.0,0.0,False,0.0,1.0,1.0,6.0,4.0,2.0,1,0,4
vpprodigy-vs-fire-flux-m1-mirage,12,de_mirage,12,False,False,False,3.0,1.0,0.3333333333333333,12.651546133333333,5.4282131174999435,16.214314,151.0,1871.0,1.6034206306787815,0.0,0.0,0.0,False,1.0,0.0,0.0,6.0,5.0,1.0,0,1,4
vpprodigy-vs-fire-flux-m1-mirage,13,de_mirage,13,True,False,False,9.0,5.0,0.5555555555555556,21.096390444444445,16.66918524000778,58.705006,977.0,2297.0,3.91815411406182,1.0,0.0,0.0,True,0.0,1.0,1.0,7.0,5.0,2.0,1,0,4
vpprodigy-vs-fire-flux-m1-mirage,14,de_mirage,14,True,False,False,8.0,8.0,1.0,19.664512575,11.028621087796775,31.848753,942.0,2466.0,3.2441200324412005,0.0,0.0,0.0,True,1.0,0.0,2.0,8.0,5.0,3.0,1,0,4
vpprodigy-vs-fire-flux-m1-mirage,15,de_mirage,15,False,False,False,6.0,3.0,0.5,11.404102333333334,8.106147212215472,27.527721,304.0,441.0,13.605442176870747,1.0,0.0,0.0,False,1.0,0.0,0.0,8.0,6.0,2.0,0,1,4
vpprodigy-vs-fire-flux-m1-mirage,16,de_mirage,16,True,False,True,10.0,2.0,0.2,12.452844350000001,10.887334959097235,28.739925,779.0,3335.0,2.998500749625187,3.0,1.0,0.0,False,0.0,1.0,1.0,9.0,6.0,3.0,1,0,4
vpprodigy-vs-fire-flux-m1-mirage,17,de_mirage,17,True,False,True,6.0,4.0,0.6666666666666666,14.368780383333332,11.798221774611035,34.523853,480.0,3341.0,1.7958695001496556,0.0,0.0,0.0,False,1.0,0.0,2.0,10.0,6.0,4.0,1,0,4
vpprodigy-vs-fire-flux-m1-mirage,18,de_mirage,18,False,False,False,8.0,4.0,0.5,14.7400511875,6.285051472456816,27.438787,595.0,442.0,18.09954751131222,0.0,0.0,0.0,False,1.0,0.0,3.0,11.0,6.0,5.0,1,0,4
vpprodigy-vs-fire-flux-m1-mirage,19,de_mirage,19,False,False,False,7.0,4.0,0.5714285714285714,21.191229928571428,12.655428000317977,33.014378,561.0,1111.0,6.300630063006301,2.0,0.0,0.0,True,1.0,0.0,0.0,11.0,7.0,4.0,0,1,4
vpprodigy-vs-fire-flux-m1-mirage,20,de_mirage,20,True,False,False,9.0,5.0,0.5555555555555556,15.981089666666666,6.296289047623132,24.96668,660.0,4926.0,1.8270401948842874,2.0,0.0,0.0,False,0.0,1.0,1.0,12.0,7.0,5.0,1,0,4
vpprodigy-vs-fire-flux-m1-mirage,21,de_mirage,21,True,False,False,5.0,2.0,0.4,17.5120092,8.503232719039488,30.877234,315.0,1414.0,3.536067892503536,0.0,0.0,0.0,True,1.0,0.0,2.0,13.0,7.0,6.0,1,0,4
vpprodigy-vs-fire-flux-m1-mirage,22,de_mirage,22,True,False,False,13.0,11.0,0.8461538461538461,19.790453307692307,8.66180333608147,32.50965,1331.0,6430.0,2.021772939346812,0.0,1.0,0.0,True,1.0,0.0,3.0,14.0,7.0,7.0,1,0,4
vpprodigy-vs-fire-flux-m2-train,2,de_train,2,True,False,False,8.0,8.0,1.0,14.1006149125,6.979245508476961,22.657223,878.0,2292.0,3.4904013961605584,0.0,0.0,0.0,True,0.0,0.0,1.0,1.0,0.0,1.0,1,0,1
vpprodigy-vs-fire-flux-m2-train,3,de_train,3,True,False,True,6.0,4.0,0.6666666666666666,14.142390083333334,3.966581044563698,18.797531,379.0,939.0,6.3897763578274756,0.0,0.0,0.0,True,1.0,0.0,2.0,2.0,0.0,2.0,1,0,1
vpprodigy-vs-fire-flux-m2-train,4,de_train,4,False,False,False,8.0,3.0,0.375,14.893671125000001,6.75788744096284,26.305285,394.0,2086.0,3.835091083413231,0.0,0.0,0.0,False,1.0,0.0,3.0,3.0,0.0,3.0,1,0,1
vpprodigy-vs-fire-flux-m2-train,5,de_train,5,False,False,False,6.0,1.0,0.16666666666666666,18.276749833333334,5.941589941883684,26.014921,493.0,2363.0,2.5391451544646637,2.0,0.0,0.0,False,1.0,0.0,0.0,3.0,1.0,2.0,0,1,1
vpprodigy-vs-fire-flux-m2-train,6,de_train,6,False,False,False,3.0,1.0,0.3333333333333333,16.500654,5.015744531428313,22.031977,227.0,2775.0,1.0810810810810811,0.0,0.0,0.0,False,0.0,1.0,0.0,3.0,2.0,1.0,0,1,1
vpprodigy-vs-fire-flux-m2-train,7,de_train,7,False,False,False,6.0,4.0,0.6666666666666666,9.47475155,2.7928100994254614,14.820893,592.0,411.0,14.598540145985401,0.0,0.0,0.0,False,0.0,1.0,0.0,3.0,3.0,0.0,0,1,1
vpprodigy-vs-fire-flux-m2-train,8,de_train,8,True,False,True,7.0,5.0,0.7142857142857143,22.026237000000002,9.486558625762875,35.18056,634.0,8177.0,0.8560596795890913,1.0,0.0,0.0,True,0.0,1.0,1.0,4.0,3.0,1.0,1,0,1
vpprodigy-vs-fire-flux-m2-train,9,de_train,9,True,False,False,8.0,5.0,0.625,16.756031175,9.587667288498402,28.162838,741.0,4765.0,1.6789087093389297,0.0,0.0,0.0,False,1.0,0.0,2.0,5.0,3.0,2.0,1,0,1
vpprodigy-vs-fire-flux-m2-train,10,de_train,10,True,True,False,6.0,1.0,0.16666666666666666,21.5346595,14.236703355216008,45.031624,271.0,868.0,6.912442396313365,1.0,0.0,0.0,False,1.0,0.0,0.0,5.0,4.0,1.0,0,1,1
vpprodigy-vs-fire-flux-m2-train,11,de_train,11,True,True,False,8.0,3.0,0.375,20.498280725,12.718040328589312,36.729073,600.0,5708.0,1.4015416958654519,0.0,0.0,0.0,True,0.0,1.0,0.0,5.0,5.0,0.0,0,1,1
vpprodigy-vs-fire-flux-m2-train,12,de_train,12,True,False,False,6.0,3.0,0.5,15.7944283,10.788627577186627,29.395073,399.0,3184.0,1.8844221105527637,0.0,0.0,0.0,False,0.0,1.0,1.0,6.0,5.0,1.0,1,0,1
vpprodigy-vs-fire-flux-m2-train,13,de_train,13,False,False,False,5.0,3.0,0.6,17.99684936,12.347364517978344,37.42821,469.0,4633.0,1.0792143319663285,0.0,0.0,0.0,True,1.0,0.0,0.0,6.0,6.0,0.0,0,1,1
vpprodigy-vs-fire-flux-m2-train,14,de_train,14,True,False,False,6.0,5.0,0.8333333333333334,16.242111583333333,4.877691233077104,25.127478,519.0,1384.0,4.335260115606936,2.0,0.0,0.0,True,0.0,1.0,1.0,7.0,6.0,1.0,1,0,1
vpprodigy-vs-fire-flux-m2-train,15,de_train,15,True,False,True,2.0,0.0,0.0,22.285778999999998,0.15439535145852326,22.394953,57.0,386.0,5.181347150259067,0.0,0.0,0.0,False,1.0,0.0,2.0,8.0,6.0,2.0,1,0,1
vpprodigy-vs-fire-flux-m2-train,16,de_train,16,False,False,False,8.0,5.0,0.625,16.605854349999998,7.947284721755708,34.0267,528.0,3569.0,2.241524236480807,1.0,1.0,0.0,False,1.0,0.0,3.0,9.0,6.0,3.0,1,0,1
vpprodigy-vs-fire-flux-m2-train,17,de_train,17,True,False,True,7.0,6.0,0.8571428571428571,16.984546485714286,12.618772320798882,41.77353,804.0,2452.0,2.8548123980424145,0.0,0.0,0.0,False,1.0,0.0,4.0,10.0,6.0,4.0,1,0,1
vpprodigy-vs-fire-flux-m2-train,18,de_train,18,True,True,False,5.0,1.0,0.2,29.001149200000004,10.546395128976735,45.463467,324.0,4708.0,1.0620220900594732,0.0,1.0,0.0,False,1.0,0.0,0.0,10.0,7.0,3.0,0,1,1
vpprodigy-vs-fire-flux-m2-train,19,de_train,19,True,True,False,8.0,5.0,0.625,11.58258865,5.211423994774029,17.72545,718.0,2612.0,3.0627871362940278,0.0,0.0,0.0,True,0.0,1.0,0.0,10.0,8.0,2.0,0,1,1
vpprodigy-vs-fire-flux-m2-train,20,de_train,20,False,False,False,6.0,2.0,0.3333333333333333,15.705080233333334,9.330967540948114,28.686026,316.0,1006.0,5.964214711729622,0.0,0.0,0.0,False,0.0,1.0,0.0,10.0,9.0,1.0,0,1,1
vpprodigy-vs-fire-flux-m2-train,21,de_train,21,False,False,False,7.0,2.0,0.2857142857142857,15.476889614285714,10.368908336957906,34.201958,401.0,2085.0,3.357314148681055,0.0,0.0,0.0,False,0.0,1.0,1.0,11.0,9.0,2.0,1,0,1
vpprodigy-vs-fire-flux-m2-train,22,de_train,22,False,False,False,7.0,4.0,0.5714285714285714,22.326367428571427,9.834123893846225,33.192326,644.0,3746.0,1.8686599038974907,0.0,0.0,0.0,True,1.0,0.0,0.0,11.0,10.0,1.0,0,1,1
vpprodigy-vs-fire-flux-m2-train,23,de_train,23,False,False,False,7.0,4.0,0.5714285714285714,21.301896571428568,8.892025770932232,32.7136,665.0,3395.0,2.061855670103093,0.0,0.0,0.0,False,0.0,1.0,0.0,11.0,11.0,0.0,0,1,1
vpprodigy-vs-fire-flux-m2-train,24,de_train,24,False,False,False,6.0,3.0,0.5,8.695137716666666,8.43916335130853,23.053827,444.0,579.0,10.362694300518134,1.0,0.0,0.0,True,0.0,1.0,1.0,12.0,11.0,1.0,1,0,1
vpprodigy-vs-fire-flux-m2-train,25,de_train,25,True,True,False,6.0,4.0,0.6666666666666666,24.37924166666667,8.941208330307681,32.38923,482.0,2770.0,2.1660649819494586,2.0,0.0,0.0,False,1.0,0.0,0.0,12.0,12.0,0.0,0,1,1
vpprodigy-vs-fire-flux-m2-train,26,de_train,26,False,False,False,6.0,3.0,0.5,28.3937535,8.692439902503734,40.138817,561.0,3049.0,1.9678583142013775,0.0,0.0,0.0,False,0.0,1.0,0.0,12.0,13.0,-1.0,0,1,1
vpprodigy-vs-fire-flux-m2-train,27,de_train,27,True,True,False,8.0,4.0,0.5,16.827076375,7.071999871528459,29.151896,660.0,4150.0,1.927710843373494,0.0,0.0,0.0,False,0.0,1.0,0.0,12.0,14.0,-2.0,0,1,1
vpprodigy-vs-fire-flux-m2-train,28,de_train,28,True,False,False,9.0,3.0,0.3333333333333333,21.684189833333335,12.689915110446982,41.939106,615.0,4364.0,2.062328139321723,3.0,0.0,0.0,False,0.0,1.0,1.0,13.0,14.0,-1.0,1,0,1
vpprodigy-vs-fire-flux-m2-train,29,de_train,29,False,False,False,7.0,4.0,0.5714285714285714,13.884813957142857,9.130920305881332,32.20314,596.0,1331.0,5.259203606311044,0.0,0.0,0.0,True,1.0,0.0,2.0,14.0,14.0,0.0,1,0,1
vpprodigy-vs-fire-flux-m2-train,30,de_train,30,True,False,False,8.0,5.0,0.625,14.667145375,7.479817592814088,28.774885,645.0,3708.0,2.157497303128371,1.0,0.0,0.0,True,1.0,0.0,3.0,15.0,14.0,1.0,1,0,1
