match,round,winner,reason,tick,total_kills,headshot_kills,headshot_rate,rifle_kills,awp_kills,pistol_kills,smg_kills,smoke_kills,noscope_kills,wallbang_kills,assisted_kills,avg_kill_distance,max_kill_distance,min_kill_distance,total_damage,avg_damage_per_kill,t_win,ct_win,awp_kills_log,pistol_kills_log,smg_kills_log,smoke_kills_log,wallbang_kills_log,assisted_kills_log,avg_kill_distance_log,min_kill_distance_log,total_kills_scaled,headshot_kills_scaled,headshot_rate_scaled,rifle_kills_scaled,awp_kills_scaled,pistol_kills_scaled,smg_kills_scaled,smoke_kills_scaled,noscope_kills_scaled,wallbang_kills_scaled,assisted_kills_scaled,avg_kill_distance_scaled,max_kill_distance_scaled,min_kill_distance_scaled,total_damage_scaled,avg_damage_per_kill_scaled,total_kills_norm,headshot_kills_norm,headshot_rate_norm,rifle_kills_norm,awp_kills_norm,pistol_kills_norm,smg_kills_norm,smoke_kills_norm,noscope_kills_norm,wallbang_kills_norm,assisted_kills_norm,avg_kill_distance_norm,max_kill_distance_norm,min_kill_distance_norm,total_damage_norm,avg_damage_per_kill_norm
3dmax-vs-falcons-m3-nuke,1,CT,bomb_defused,5627.0,8,8,1.0,0,0,4,0,0,0,0,0,12.60995125,32.02267,7.272682,938,117.25,0,1,0.0,1.6094379124341003,0.0,0.0,0.0,0.0,2.6108012347319045,2.1129587611760328,0.9538396755127555,2.473419533086742,1.8537637561035376,-1.835853380341903,-0.7081974910453573,1.853272478796588,-0.4032616876259697,-0.773915922626406,0.0,-0.4566296511374095,-0.5043976220510383,-0.9448600178056717,0.19331460121596963,-0.13402117360299282,1.8369991181124738,1.4040793148497426,0.8571428571428571,1.0,1.0,0.0,0.0,0.4444444444444444,0.0,0.0,0.0,0.0,0.0,0.12968960800303198,0.4408323384349599,0.2371546998041739,0.8457609805924413,0.8175594039468385
3dmax-vs-falcons-m3-nuke,2,T,bomb_exploded,15355.0,3,2,0.6666666666666666,3,0,0,0,0,0,1,0,15.25219066666667,23.017326,9.899533,227,75.66666666666667,1,0,0.0,0.0,0.0,0.0,0.6931471805599453,0.0,2.788227709946071,2.388719944280569,-1.990621931504881,-0.6718841119728165,0.597331835586059,-0.519231259086599,-0.7081974910453573,-0.43511614719572067,-0.4032616876259697,-0.773915922626406,0.0,1.8591350082023104,-0.5043976220510383,-0.4334973398040448,-0.858053992604479,0.43594138292608015,-1.4219554586380374,-0.3306357164230943,0.14285714285714285,0.25,0.6666666666666666,0.375,0.0,0.0,0.0,0.0,0.0,0.5,0.0,0.22604365736653576,0.1909652166066806,0.3510472598685751,0.1195097037793667,0.4156262585581958
3dmax-vs-falcons-m3-nuke,3,T,bomb_exploded,23971.0,2,1,0.5,2,0,0,0,0,0,0,0,36.4757715,52.17537,20.776173,159,79.5,1,0,0.0,0.0,0.0,0.0,0.0,0.0,3.6236946308347897,3.0808163904036365,-2.5795142529084085,-1.1961013861494096,-0.030884124672680147,-0.9581052995050336,-0.7081974910453573,-0.43511614719572067,-0.4032616876259697,-0.773915922626406,0.0,-0.4566296511374095,-0.5043976220510383,3.673983255352969,2.5461304248741623,2.7959068095324526,-1.7336416910136139,-0.1707221063257989,0.0,0.125,0.5,0.25,0.0,0.0,0.0,0.0,0.0,0.0,0.0,1.0,1.0000000000000002,0.822626490856122,0.05005107252298263,0.4526782118405155
3dmax-vs-falcons-m3-nuke,4,T,ct_killed,32073.0,6,2,0.3333333333333333,6,0,0,0,1,0,0,1,18.663084666666666,31.805,7.294778,316,52.666666666666664,1,0,0.0,0.0,0.0,0.6931471805599453,0.0,0.6931471805599453,2.978743003055688,2.115626160173962,-0.22394496729429908,-0.6718841119728165,-0.6591000849314195,0.7973908621687053,-0.7081974910453573,-0.43511614719572067,-0.4032616876259697,0.32504468750309057,0.0,-0.4566296511374095,0.9877786765166167,0.2266259931602666,0.1679017572627686,-0.129226880874145,-1.0140131839111803,-1.2901173770068683,0.5714285714285714,0.25,0.3333333333333333,0.75,0.0,0.0,0.0,0.3333333333333333,0.0,0.0,0.3333333333333333,0.3504280892906849,0.4347927494522002,0.23811271760083727,0.21041879468845764,0.19331453886427707
3dmax-vs-falcons-m3-nuke,5,T,bomb_exploded,40986.0,5,3,0.6,5,0,0,0,0,0,0,0,9.63719742,17.81399,6.2665195,463,92.6,1,0,0.0,0.0,0.0,0.0,0.0,0.0,2.364357048841587,1.9832774286282753,-0.8128372886978265,-0.14766683779622344,0.3460454514825633,0.35851682175027055,-0.7081974910453573,-0.43511614719572067,-0.4032616876259697,-0.773915922626406,0.0,-0.4566296511374095,-0.5043976220510383,-1.5201884115763442,-1.4655403977318477,-0.352333879875135,-0.34022088745221374,0.3757652742675676,0.4285714285714285,0.375,0.6,0.625,0.0,0.0,0.0,0.0,0.0,0.0,0.0,0.021282751502979813,0.0465906552100841,0.193530442864668,0.36057201225740554,0.5792992347966169
3dmax-vs-falcons-m3-nuke,6,T,bomb_exploded,53694.0,3,0,0.0,0,2,0,1,1,0,0,0,32.91385233333333,40.390366,24.867167,232,77.33333333333333,1,0,1.0986122886681098,0.0,0.6931471805599453,0.6931471805599453,0.0,0.0,3.5238235543247614,3.252974481117499,-1.990621931504881,-1.7203186603260028,-1.915532005448898,-1.835853380341903,1.0560839778746556,-0.43511614719572067,0.7897208049341907,0.32504468750309057,0.0,-0.4566296511374095,-0.5043976220510383,2.984631445519692,1.1702381676046605,3.6835526634408384,-1.3990373533163039,-0.2611080598590531,0.14285714285714285,0.0,0.0,0.0,0.4,0.0,0.25,0.3333333333333333,0.0,0.0,0.0,0.8701081616416187,0.6730069356356894,1.0,0.12461695607763024,0.4317358034635521
3dmax-vs-falcons-m3-nuke,7,T,bomb_exploded,61507.0,6,1,0.16666666666666666,4,2,0,0,2,0,0,0,25.861658666666667,43.686237,13.010433,435,72.5,1,0,1.0986122886681098,0.0,0.0,1.0986122886681098,0.0,0.0,3.290699941484352,2.6398022663666803,-0.22394496729429908,-1.1961013861494096,-1.2873160451901589,-0.0803572186681642,1.0560839778746556,-0.43511614719572067,-0.4032616876259697,1.424005297632587,0.0,-0.4566296511374095,-0.5043976220510383,1.6197934916138215,1.5550291604510853,1.1109307588390243,-0.46856227725392163,-0.46273826389477346,0.5714285714285714,0.125,0.16666666666666666,0.5,0.4,0.0,0.0,0.6666666666666666,0.0,0.0,0.0,0.612937137550159,0.7644559464327554,0.4859267658262202,0.3319713993871297,0.38501812323801854
3dmax-vs-falcons-m3-nuke,8,T,bomb_exploded,68223.0,4,1,0.25,3,1,0,0,1,0,0,0,28.0891385,36.239204,19.948154,323,80.75,1,0,0.6931471805599453,0.0,0.0,0.6931471805599453,0.0,0.0,3.3703648570806095,3.0420505279273584,-1.4017296101013537,-1.1961013861494096,-0.973208065060789,-0.519231259086599,0.17394324341464915,-0.43511614719572067,-0.4032616876259697,0.32504468750309057,0.0,-0.4566296511374095,-0.5043976220510383,2.0508861645877663,0.6855924556073306,2.616246895020877,-0.9819278364607532,-0.11857636390276771,0.2857142857142857,0.125,0.25,0.375,0.2,0.0,0.0,0.3333333333333333,0.0,0.0,0.0,0.694166226959465,0.5578265603848469,0.7867260139383352,0.21756894790602654,0.4647603705195328
3dmax-vs-falcons-m3-nuke,9,CT,t_killed,75744.0,8,2,0.25,7,0,1,0,1,0,1,0,15.098716000000001,30.40255,3.172948,363,45.375,0,1,0.0,0.6931471805599453,0.0,0.6931471805599453,0.6931471805599453,0.0,2.778739517257298,1.4286227404725858,0.9538396755127555,-0.6718841119728165,-0.973208065060789,1.23626490258714,-0.7081974910453573,0.13698100930235652,-0.4032616876259697,0.32504468750309057,0.0,1.8591350082023104,-0.5043976220510383,-0.4631998777561441,0.0041665479910864885,-1.0235633942044513,-0.7985829938868848,-1.59430087447455,0.8571428571428571,0.25,0.25,0.875,0.0,0.1111111111111111,0.0,0.3333333333333333,0.0,0.5,0.0,0.22044692547510747,0.39587961687136036,0.05940224987722037,0.25842696629213485,0.12283527990334275
3dmax-vs-falcons-m3-nuke,10,T,bomb_exploded,86844.0,4,3,0.75,3,1,0,0,0,0,1,0,25.79399875,43.651573,11.816766,490,122.5,1,0,0.6931471805599453,0.0,0.0,0.0,0.6931471805599453,0.0,3.2881779352025573,2.550754157578607,-1.4017296101013537,-0.14766683779622344,0.9114398157154288,-0.519231259086599,0.17394324341464915,-0.43511614719572067,-0.4032616876259697,-0.773915922626406,0.0,1.8591350082023104,-0.5043976220510383,1.606699009727815,1.550982158922194,0.851934152269261,-0.21646311871485258,1.6230914330264736,0.2857142857142857,0.375,0.75,0.375,0.2,0.0,0.0,0.0,0.0,0.5,0.0,0.6104697960559294,0.7634941404305575,0.4341728633420695,0.38815117466802856,0.8683044703987112
3dmax-vs-falcons-m3-nuke,11,T,ct_killed,92231.0,7,4,0.5714285714285714,6,1,0,0,3,0,0,0,10.114200171428573,16.80542,5.190556,666,95.14285714285714,1,0,0.6931471805599453,0.0,0.0,1.3862943611198906,0.0,0.0,2.4082235854413154,1.8230249049567466,0.36494735410922824,0.37655043638036967,0.23835128686677942,0.7973908621687053,0.17394324341464915,-0.43511614719572067,-0.4032616876259697,2.5229659077620834,0.0,-0.4566296511374095,-0.5043976220510383,-1.4278722486858593,-1.5832903496125854,-0.5857916995961505,0.5902541886101685,0.4818446131395625,0.7142857142857143,0.5,0.5714285714285714,0.75,0.2,0.0,0.0,1.0,0.0,0.0,0.0,0.03867752139694286,0.018606329118560305,0.14687981915176862,0.567926455566905,0.603877797595075
3dmax-vs-falcons-m3-nuke,12,CT,t_killed,100199.0,6,1,0.16666666666666666,3,2,1,0,1,0,0,0,11.831570083333334,17.26153,7.4042425,536,89.33333333333333,0,1,1.0986122886681098,0.6931471805599453,0.0,0.6931471805599453,0.0,0.0,2.5519085470820233,2.1287366378734442,-0.22394496729429908,-1.1961013861494096,-1.2873160451901589,-0.519231259086599,1.0560839778746556,0.13698100930235652,-0.4032616876259697,0.32504468750309057,0.0,-0.4566296511374095,-0.5043976220510383,-1.0955030955608436,-1.5300397764720763,-0.10547575594578916,-0.0056165497549038775,0.23949106740204618,0.5714285714285714,0.125,0.16666666666666666,0.375,0.4,0.1111111111111111,0.0,0.3333333333333333,0.0,0.0,0.0,0.10130452795179329,0.03126180268371187,0.2428587774805829,0.43513789581205314,0.5477245267821184
3dmax-vs-falcons-m3-nuke,13,T,bomb_exploded,121061.0,8,8,1.0,0,0,8,0,0,0,0,0,15.7745305,23.535688,4.364455,896,112.0,1,0,0.0,2.1972245773362196,0.0,0.0,0.0,0.0,2.8198616943885755,1.6797947865796594,0.9538396755127555,2.473419533086742,1.8537637561035376,-1.835853380341903,-0.7081974910453573,4.141661104788897,-0.4032616876259697,-0.773915922626406,0.0,-0.4566296511374095,-0.5043976220510383,-0.3324069184306392,-0.7975355352273976,-0.7650354549181019,1.644487033409912,1.1850671966730117,0.8571428571428571,1.0,1.0,0.0,0.0,0.8888888888888888,0.0,0.0,0.0,0.0,0.0,0.2450917261252017,0.20534796767150948,0.11106250109232718,0.8028600612870276,0.7668143374949657
3dmax-vs-falcons-m3-nuke,14,T,ct_killed,127469.0,7,3,0.42857142857142855,2,0,1,4,2,0,0,0,14.208418142857141,24.766558,7.725559,356,50.857142857142854,1,0,0.0,0.6931471805599453,1.6094379124341003,1.0986122886681098,0.0,0.0,2.721849099735631,2.1662565348040834,0.36494735410922824,-0.14766683779622344,-0.30011953621213994,-0.9581052995050336,-0.7081974910453573,0.13698100930235652,4.368668282614672,1.424005297632587,0.0,-0.4566296511374095,-0.5043976220510383,-0.6355026197317463,-0.6538321896277431,-0.035757917440684045,-0.8306683413373118,-1.3656045469906848,0.7142857142857143,0.375,0.42857142857142855,0.25,0.0,0.1111111111111111,1.0,0.6666666666666666,0.0,0.0,0.0,0.1879806004576774,0.23950034921793056,0.25679011914249406,0.2512768130745659,0.1758241758241758
3dmax-vs-falcons-m3-nuke,15,T,ct_killed,134274.0,7,2,0.2857142857142857,5,0,2,0,2,0,0,0,20.16511962857143,41.065567,3.2228224,471,67.28571428571429,1,0,0.0,1.0986122886681098,0.0,1.0986122886681098,0.0,0.0,3.0523545261455,1.4405037196566075,0.36494735410922824,-0.6718841119728165,-0.8385903592910593,0.35851682175027055,-0.7081974910453573,0.7090781658004337,-0.4032616876259697,1.424005297632587,0.0,-0.4566296511374095,-0.5043976220510383,0.5173205516195722,1.2490674856091877,-1.0127418666304269,-0.30355191893744005,-0.6802605037165604,0.7142857142857143,0.25,0.2857142857142857,0.625,0.0,0.2222222222222222,0.0,0.6666666666666666,0.0,0.0,0.0,0.4052025166011598,0.6917414260144663,0.06156465767944286,0.3687436159346272,0.3346182613198321
3dmax-vs-falcons-m3-nuke,16,T,bomb_exploded,140381.0,6,2,0.3333333333333333,6,0,0,0,1,0,0,2,11.002193916666664,16.134838,2.9693115,326,54.333333333333336,1,0,0.0,0.0,0.0,0.6931471805599453,0.0,1.0986122886681098,2.4850894594661814,1.3785926539664295,-0.22394496729429908,-0.6718841119728165,-0.6591000849314195,0.7973908621687053,-0.7081974910453573,-0.43511614719572067,-0.4032616876259697,0.32504468750309057,0.0,-0.4566296511374095,2.4799549750842718,-1.2560154302804702,-1.6615804020949012,-1.0677475447872717,-0.9681769732677131,-1.2205897204428264,0.5714285714285714,0.25,0.3333333333333333,0.75,0.0,0.0,0.0,0.3333333333333333,0.0,0.0,0.6666666666666666,0.07105982279758377,0.0,0.05057316809543888,0.2206332992849847,0.2094240837696335
3dmax-vs-falcons-m3-nuke,17,CT,bomb_defused,150769.0,8,7,0.875,5,1,1,1,0,0,0,0,12.7903279875,30.820177,3.4721992,996,124.5,0,1,0.6931471805599453,0.6931471805599453,0.6931471805599453,0.0,0.0,0.0,2.623967475967615,1.497880278689016,0.9538396755127555,1.949202258910149,1.3826017859094832,0.35851682175027055,0.17394324341464915,0.13698100930235652,0.7897208049341907,-0.773915922626406,0.0,-0.4566296511374095,-0.5043976220510383,-0.9099510194176454,0.052924253608045944,-0.958633187277453,2.102849139844583,1.7065246209033236,0.8571428571428571,0.875,0.875,0.625,0.2,0.1111111111111111,0.25,0.0,0.0,0.0,0.0,0.13626737266715488,0.4074673204047044,0.07237690480448655,0.9050051072522982,0.8876359242851389
3dmax-vs-falcons-m3-nuke,18,T,ct_killed,157691.0,8,3,0.375,5,3,0,0,0,0,2,0,22.444781575,46.276657,4.9333706,659,82.375,1,0,1.3862943611198906,0.0,0.0,0.0,1.0986122886681098,0.0,3.1546479360127595,1.7805924495090815,0.9538396755127555,-0.14766683779622344,-0.5020460948667346,0.35851682175027055,1.9382247123346619,-0.43511614719572067,-0.4032616876259697,-0.773915922626406,0.0,4.17489966754203,-0.5043976220510383,0.9585122280857244,1.8574591656573682,-0.6415946545737843,0.5581688411597415,-0.050786898752827186,0.8571428571428571,0.375,0.375,0.625,0.6000000000000001,0.0,0.0,0.0,0.0,1.0,0.0,0.48833452134408584,0.8363311340687203,0.13572901401771761,0.5607763023493362,0.48046717680225537
3dmax-vs-falcons-m3-nuke,19,CT,time_ran_out,166651.0,3,2,0.6666666666666666,2,1,0,0,1,0,0,0,20.176716966666664,40.213825,3.4922009,285,95.0,0,1,0.6931471805599453,0.0,0.0,0.6931471805599453,0.0,0.0,3.052902321863296,1.502342759829806,-1.990621931504881,-0.6718841119728165,0.597331835586059,-0.9581052995050336,0.17394324341464915,-0.43511614719572067,-0.4032616876259697,0.32504468750309057,0.0,-0.4566296511374095,-0.5043976220510383,0.519565028720573,1.1496271101123918,-0.9542933065354818,-1.1561054369059283,0.4758850997197877,0.14285714285714285,0.25,0.6666666666666666,0.25,0.2,0.0,0.0,0.3333333333333333,0.0,0.0,0.0,0.40562543455487166,0.6681085340249695,0.0732441198915395,0.17875383043922372,0.6024969794603302
3dmax-vs-falcons-m3-nuke,20,T,ct_killed,176800.0,7,5,0.7142857142857143,4,2,0,0,2,0,1,0,20.2878902,50.940865,2.9693844,667,95.28571428571429,1,0,1.0986122886681098,0.0,0.0,1.0986122886681098,0.6931471805599453,0.0,3.0581383758266862,1.3786110197033012,0.36494735410922824,0.9007677105569628,0.776822109945699,-0.0803572186681642,1.0560839778746556,-0.43511614719572067,-0.4032616876259697,1.424005297632587,0.0,1.8591350082023104,-0.5043976220510383,0.5410808088428579,2.402002695171187,-1.0677317272664566,0.5948378096745153,0.4878041265593379,0.7142857142857143,0.625,0.7142857142857143,0.5,0.4,0.0,0.0,0.6666666666666666,0.0,0.5,0.0,0.4096795680088394,0.9657467597870089,0.050576328825769123,0.5689479060265576,0.60525861572982
3dmax-vs-falcons-m3-nuke,21,CT,time_ran_out,188734.0,6,3,0.5,6,0,0,0,1,0,0,1,25.948114333333333,43.5151,11.291334,429,71.5,0,1,0.0,0.0,0.0,0.6931471805599453,0.0,0.6931471805599453,3.2939133258285156,2.508894461218847,-0.22394496729429908,-0.14766683779622344,-0.030884124672680147,0.7973908621687053,-0.7081974910453573,-0.43511614719572067,-0.4032616876259697,0.32504468750309057,0.0,-0.4566296511374095,0.9877786765166167,1.6365255867283723,1.53504901676744,0.7379282318717267,-0.4960640036400019,-0.5044548578331984,0.5714285714285714,0.375,0.5,0.75,0.0,0.0,0.0,0.3333333333333333,0.0,0.0,0.3333333333333333,0.6160899001352633,0.7597074871147851,0.41139167186232495,0.3258426966292135,0.37535239629480466
3dmax-vs-falcons-m3-nuke,22,T,ct_killed,193529.0,7,5,0.7142857142857143,6,0,1,0,1,0,0,0,14.078156428571429,34.5959,4.769025,673,96.14285714285714,1,0,0.0,0.6931471805599453,0.0,0.6931471805599453,0.0,0.0,2.713247102359081,1.7525030887720363,0.36494735410922824,0.9007677105569628,0.776822109945699,0.7973908621687053,-0.7081974910453573,0.13698100930235652,-0.4032616876259697,0.32504468750309057,0.0,-0.4566296511374095,-0.5043976220510383,-0.6607126664209513,0.4937376840739478,-0.6772536387835107,0.6223395360605954,0.5235612070779875,0.7142857142857143,0.625,0.7142857142857143,0.75,0.0,0.1111111111111111,0.0,0.3333333333333333,0.0,0.0,0.0,0.18323037094808425,0.5122305630782586,0.12860347049837828,0.5750766087844741,0.6135435245382889
3dmax-vs-falcons-m3-nuke,23,T,ct_killed,200917.0,7,3,0.42857142857142855,5,0,2,0,0,0,0,0,15.985498857142856,25.079693,8.196292,576,82.28571428571429,1,0,0.0,1.0986122886681098,0.0,0.0,0.0,0.0,2.8323599716341645,2.2188003593328802,0.36494735410922824,-0.14766683779622344,-0.30011953621213994,0.35851682175027055,-0.7081974910453573,0.7090781658004337,-0.4032616876259697,-0.773915922626406,0.0,-0.4566296511374095,-0.5043976220510383,-0.29157740714499153,-0.6172738633021785,0.06637965493117873,0.17772829281896455,-0.0545115946401863,0.7142857142857143,0.375,0.42857142857142855,0.625,0.0,0.2222222222222222,0.0,0.0,0.0,0.0,0.0,0.25278506964663194,0.24818876147555208,0.2771997223049102,0.4759959141981614,0.47960416546803986
3dmax-vs-falcons-m3-nuke,24,T,ct_killed,211315.0,9,5,0.5555555555555556,8,1,0,0,0,0,0,0,13.06584928888889,24.35522,3.6878796,742,82.44444444444444,1,0,0.6931471805599453,0.0,0.0,0.0,0.0,0.0,2.643749823260594,1.5449803693510513,1.542731996916283,0.9007677105569628,0.17852119541356637,1.6751389430055748,0.17394324341464915,-0.43511614719572067,-0.4032616876259697,-0.773915922626406,0.0,-0.4566296511374095,-0.5043976220510383,-0.8566283304758316,-0.7018556582087231,-0.9118358043359717,0.9386093895005185,-0.04788991306265885,0.9999999999999999,0.625,0.5555555555555556,1.0,0.2,0.0,0.0,0.0,0.0,0.0,0.0,0.1463147563021372,0.22808714366369515,0.08172817478961861,0.6455566905005108,0.4811384078399785
3dmax-vs-falcons-m3-nuke,25,CT,bomb_defused,222099.0,8,6,0.75,7,1,0,0,0,0,1,1,14.0615202125,20.641857,5.0140347,907,113.375,0,1,0.6931471805599453,0.0,0.0,0.0,0.6931471805599453,0.6931471805599453,2.712143161002372,1.7940958544199943,0.9538396755127555,1.4249849847335558,0.9114398157154288,1.23626490258714,0.17394324341464915,-0.43511614719572067,-0.4032616876259697,-0.773915922626406,0.0,1.8591350082023104,0.9877786765166167,-0.6639323368067758,-1.1353885955018328,-0.6240925135478499,1.6949068651177257,1.242427513338346,0.8571428571428571,0.75,0.75,0.875,0.2,0.0,0.0,0.0,0.0,0.5,0.3333333333333333,0.1826237011760503,0.12505417511595013,0.1392263729673843,0.8140960163432074,0.7801047120418848
3dmax-vs-falcons-m3-nuke,26,CT,t_killed,230761.0,8,5,0.625,7,0,1,0,3,0,0,0,14.459277,25.4669,7.622099,658,82.25,0,1,0.0,0.6931471805599453,0.0,1.3862943611198906,0.0,0.0,2.7382092762183716,2.1543285585137197,0.9538396755127555,0.9007677105569628,0.4402778455213743,1.23626490258714,-0.7081974910453573,0.13698100930235652,-0.4032616876259697,2.5229659077620834,0.0,-0.4566296511374095,-0.5043976220510383,-0.5869529477452341,-0.5720676747204392,-0.05820621241382772,0.5535852200953948,-0.0560014729951303,0.8571428571428571,0.625,0.625,0.875,0.0,0.1111111111111111,0.0,1.0,0.0,0.0,0.0,0.1971286233627738,0.2589324153150681,0.25230439678356975,0.5597548518896833,0.4792589609343536
3dmax-vs-falcons-m3-nuke,27,CT,t_killed,235373.0,6,0,0.0,4,2,0,0,2,0,1,0,22.059667066666666,40.807648,4.9720654,283,47.166666666666664,0,1,1.0986122886681098,0.0,0.0,1.0986122886681098,0.6931471805599453,0.0,3.1380850770379314,1.7870928307221385,-0.22394496729429908,-1.7203186603260028,-1.915532005448898,-0.0803572186681642,1.0560839778746556,-0.43511614719572067,-0.4032616876259697,1.424005297632587,0.0,1.8591350082023104,-0.5043976220510383,0.883979547558592,1.2189555946753625,-0.6331988273523769,-1.1652726790346217,-1.5195586436682054,0.5714285714285714,0.0,0.0,0.5,0.4,0.0,0.0,0.6666666666666666,0.0,0.5,0.0,0.47429062278119016,0.6845850666133342,0.1374067071313278,0.1767109295199183,0.1401530406766009
3dmax-vs-falcons-m3-nuke,28,CT,t_killed,242953.0,8,4,0.5,7,1,0,0,0,0,0,0,17.254795875,27.344229,7.33154,609,76.125,0,1,0.6931471805599453,0.0,0.0,0.0,0.0,0.0,2.904427833177101,2.1200483130412486,0.9538396755127555,0.37655043638036967,-0.030884124672680147,1.23626490258714,0.17394324341464915,-0.43511614719572067,-0.4032616876259697,-0.773915922626406,0.0,-0.4566296511374095,-0.5043976220510383,-0.04592551120524105,-0.35289062264243426,-0.12125042408115522,0.328987787942406,-0.3115156108679831,0.8571428571428571,0.5,0.5,0.875,0.2,0.0,0.0,0.0,0.0,0.0,0.0,0.2990722859920175,0.311021796237636,0.23970661017148084,0.5097037793667007,0.4200563834071688
3dmax-vs-falcons-m3-nuke,29,T,ct_killed,250744.0,8,1,0.125,2,5,0,0,1,0,1,0,25.020442000000003,33.671368,16.185944,762,95.25,1,0,1.791759469228055,0.0,0.0,0.6931471805599453,0.6931471805599453,0.0,3.2588824598732113,2.8440918404195292,0.9538396755127555,-1.1961013861494096,-1.4443700352548434,-0.9581052995050336,3.702506181254675,-0.43511614719572067,-0.4032616876259697,0.32504468750309057,0.0,1.8591350082023104,-0.5043976220510383,1.4569896197417764,0.3857991190638819,1.7999391448670832,1.0302818107874527,0.48631424820439395,0.8571428571428571,0.125,0.125,0.25,1.0,0.0,0.0,0.3333333333333333,0.0,0.5,0.0,0.5822606471026518,0.48657800056891515,0.6236076153691392,0.6659856996935649,0.6049134111961337
3dmax-vs-falcons-m2-ancient,1,CT,t_killed,2465.0,5,5,1.0,0,0,1,0,0,0,0,3,17.383172079999998,39.178436,5.721678,597,119.4,0,1,0.0,0.6931471805599453,0.0,0.0,0.0,1.3862943611198906,2.911435685279421,1.9053378257455598,-0.8128372886978265,0.9007677105569628,1.8537637561035376,-1.835853380341903,-0.7081974910453573,0.13698100930235652,-0.4032616876259697,-0.773915922626406,0.0,-0.4566296511374095,3.9721312736519265,-0.021080374323851937,1.0287460558198336,-0.4705511880677714,0.27398433517024545,1.4937699918173566,0.4285714285714285,0.625,1.0,0.0,0.0,0.1111111111111111,0.0,0.0,0.0,0.0,1.0,0.30375375698803875,0.639380073523887,0.16990771235413332,0.49744637385086826,0.8383407168747484
3dmax-vs-falcons-m2-ancient,2,CT,t_killed,5873.0,5,3,0.6,4,0,0,1,0,0,1,0,10.67663204,21.738241,3.3097932,383,76.6,0,1,0.0,0.0,0.6931471805599453,0.0,0.6931471805599453,0.0,2.4575895830787102,1.4608899215259954,-0.8128372886978265,-0.14766683779622344,0.3460454514825633,-0.0803572186681642,-0.7081974910453573,-0.43511614719572067,0.7897208049341907,-0.773915922626406,0.0,1.8591350082023104,-0.5043976220510383,-1.3190226627278332,-1.0073864109803712,-0.9938713256247212,-0.7069105725999506,-0.29170022874723145,0.4285714285714285,0.375,0.6,0.5,0.0,0.0,0.25,0.0,0.0,0.5,0.0,0.05918761888701285,0.15547503571811877,0.0653354566561831,0.278855975485189,0.4246476037051953
3dmax-vs-falcons-m2-ancient,3,T,ct_killed,9202.0,6,3,0.5,6,0,0,0,0,0,0,2,13.137925050000002,25.100107,1.8028773,408,68.0,1,0,0.0,0.0,0.0,0.0,0.0,1.0986122886681098,2.648860906419107,1.0306464966972264,-0.22394496729429908,-0.14766683779622344,-0.030884124672680147,0.7973908621687053,-0.7081974910453573,-0.43511614719572067,-0.4032616876259697,-0.773915922626406,0.0,-0.4566296511374095,2.4799549750842718,-0.8426792333621111,-0.6148905408578329,-1.3208352983960392,-0.5923200459912829,-0.6504629366176857,0.5714285714285714,0.375,0.5,0.75,0.0,0.0,0.0,0.0,0.0,0.0,0.6666666666666666,0.14894312956771105,0.24875517930756413,0.0,0.30439223697650664,0.3415223519935562
3dmax-vs-falcons-m2-ancient,4,T,ct_killed,15755.0,9,5,0.5555555555555556,8,0,0,0,2,0,0,0,17.535295388888887,34.880524,7.583323,652,72.44444444444444,1,0,0.0,0.0,0.0,1.0986122886681098,0.0,0.0,2.9196767732919393,2.1498211345574156,1.542731996916283,0.9007677105569628,0.17852119541356637,1.6751389430055748,-0.7081974910453573,-0.43511614719572067,-0.4032616876259697,1.424005297632587,0.0,-0.4566296511374095,-0.5043976220510383,0.008360630200267852,0.5269673679869168,-0.06661965805348202,0.5260834937093145,-0.4650558524469083,0.9999999999999999,0.625,0.5555555555555556,1.0,0.0,0.0,0.0,0.6666666666666666,0.0,0.0,0.0,0.3093012091687768,0.520127893783588,0.25062318307595655,0.5536261491317671,0.38448113840783993
3dmax-vs-falcons-m2-ancient,5,T,bomb_exploded,25685.0,5,4,0.8,4,0,1,0,0,0,0,1,11.091454899999999,22.765783,1.8913509,527,105.4,1,0,0.0,0.6931471805599453,0.0,0.0,0.0,0.6931471805599453,2.492498996509772,1.0617238323549227,-0.8128372886978265,0.37655043638036967,1.0999046037930507,-0.0803572186681642,-0.7081974910453573,0.13698100930235652,-0.4032616876259697,-0.773915922626406,0.0,-0.4566296511374095,0.9877786765166167,-1.2387404115253662,-0.8874214893037032,-1.3016386864674103,-0.04686913933402427,0.9097376766794073,0.4285714285714285,0.5,0.8,0.5,0.0,0.1111111111111111,0.0,0.0,0.0,0.0,0.3333333333333333,0.07431488633954897,0.1839857691334857,0.003835955980036096,0.4259448416751788,0.7030205396697543
3dmax-vs-falcons-m2-ancient,6,T,bomb_exploded,36212.0,5,1,0.2,3,2,0,0,0,0,0,0,19.4656208,35.960632,8.412447,392,78.4,1,0,1.0986122886681098,0.0,0.0,0.0,0.0,0.0,3.018746444202089,2.242032962300066,-0.8128372886978265,-1.1961013861494096,-1.1616728531384108,-0.519231259086599,1.0560839778746556,-0.43511614719572067,-0.4032616876259697,-0.773915922626406,0.0,-0.4566296511374095,-0.5043976220510383,0.38194387379809697,0.6530693391203031,0.11328001448965466,-0.6656579830208302,-0.21661035965806608,0.4285714285714285,0.125,0.2,0.375,0.4,0.0,0.0,0.0,0.0,0.0,0.0,0.3796940239820795,0.5500971517290587,0.2865715695549905,0.28804902962206336,0.4420459122029803
3dmax-vs-falcons-m2-ancient,7,T,bomb_exploded,49640.0,5,1,0.2,4,1,0,0,0,0,0,2,16.8169811,23.538618,11.137295,338,67.6,1,0,0.6931471805599453,0.0,0.0,0.0,0.0,1.0986122886681098,2.8801519969166263,2.4962829436704834,-0.8128372886978265,-1.1961013861494096,-1.1616728531384108,-0.0803572186681642,0.17394324341464915,-0.43511614719572067,-0.4032616876259697,-0.773915922626406,0.0,-0.4566296511374095,2.4799549750842718,-0.13065747546271142,-0.7971934594577332,0.704505528320904,-0.9131735204955526,-0.667149574193056,0.4285714285714285,0.125,0.2,0.5,0.2,0.0,0.0,0.0,0.0,0.0,0.6666666666666666,0.28310657668637085,0.2054292650286073,0.4047129923103593,0.2328907048008172,0.33765606121627056
3dmax-vs-falcons-m2-ancient,8,T,ct_killed,55204.0,8,3,0.375,5,3,0,0,0,0,0,0,19.705292875,35.006695,6.491922,749,93.625,1,0,1.3862943611198906,0.0,0.0,0.0,0.0,0.0,3.030389362031515,2.0138253734224674,0.9538396755127555,-0.14766683779622344,-0.5020460948667346,0.35851682175027055,1.9382247123346619,-0.43511614719572067,-0.4032616876259697,-0.773915922626406,0.0,-0.4566296511374095,-0.5043976220510383,0.4283285251438947,0.5416977577256008,-0.303427038509544,0.9706947369509455,0.4185247830544534,0.8571428571428571,0.375,0.375,0.625,0.6000000000000001,0.0,0.0,0.0,0.0,0.0,0.0,0.3884341006003964,0.5236287022622197,0.20330323461034225,0.6527068437180796,0.5892066049134111
3dmax-vs-falcons-m2-ancient,9,CT,t_killed,62135.0,8,1,0.125,4,2,1,1,1,0,0,0,14.132874724999999,25.830168,4.0783453,458,57.25,0,1,1.0986122886681098,0.6931471805599453,0.6931471805599453,0.6931471805599453,0.0,0.0,2.716869511404583,1.6249854801829333,0.9538396755127555,-1.1961013861494096,-1.4443700352548434,-0.0803572186681642,1.0560839778746556,0.13698100930235652,0.7897208049341907,0.32504468750309057,0.0,-0.4566296511374095,-0.5043976220510383,-0.6501228256892966,-0.5296563502513275,-0.8271142770742754,-0.3631389927739473,-1.0989163214557538,0.8571428571428571,0.125,0.125,0.5,0.4,0.1111111111111111,0.25,0.3333333333333333,0.0,0.0,0.0,0.1852257728037634,0.2690118447752104,0.09865762308734788,0.355464759959142,0.23761578735400724
3dmax-vs-falcons-m2-ancient,10,T,bomb_exploded,69656.0,5,5,1.0,5,0,0,0,1,0,0,0,12.52614674,17.617863,3.3461652,592,118.4,1,0,0.0,0.0,0.0,0.6931471805599453,0.0,0.0,2.604624607829669,1.469293893076827,-0.8128372886978265,0.9007677105569628,1.8537637561035376,0.35851682175027055,-0.7081974910453573,-0.43511614719572067,-0.4032616876259697,0.32504468750309057,0.0,-0.4566296511374095,-0.5043976220510383,-0.9610790244527974,-1.488438109157444,-0.985979489313459,0.2510662298485119,1.4520533978789316,0.4285714285714285,0.625,1.0,0.625,0.0,0.0,0.0,0.3333333333333333,0.0,0.0,0.0,0.12663352465097477,0.04114880990103037,0.06691243996991592,0.4923391215526047,0.8286749899315345
3dmax-vs-falcons-m2-ancient,11,T,bomb_exploded,82133.0,8,4,0.5,6,1,0,1,0,0,1,1,15.70203,29.124176,8.801262,703,87.875,1,0,0.6931471805599453,0.0,0.6931471805599453,0.0,0.6931471805599453,0.6931471805599453,2.8155302689214974,2.282511152895876,0.9538396755127555,0.37655043638036967,-0.030884124672680147,0.7973908621687053,0.17394324341464915,-0.43511614719572067,0.7897208049341907,-0.773915922626406,0.0,1.8591350082023104,0.9877786765166167,-0.3464382168824756,-0.14508286155469274,0.19764338013804927,0.7598481679909969,0.17865436790851,0.8571428571428571,0.5,0.5,0.75,0.2,0.0,0.25,0.0,0.0,0.5,0.3333333333333333,0.2424478639862092,0.3604091637715004,0.3034294483389185,0.6057201225740552,0.5336286749899315
3dmax-vs-falcons-m2-ancient,12,T,ct_killed,88911.0,8,2,0.25,3,5,0,0,0,0,0,2,18.058246750000002,39.23526,9.28555,1089,136.125,1,0,1.791759469228055,0.0,0.0,0.0,0.0,1.0986122886681098,2.947499908160892,2.3307399976109626,0.9538396755127555,-0.6718841119728165,-0.973208065060789,-0.519231259086599,3.702506181254675,-0.43511614719572067,-0.4032616876259697,-0.773915922626406,0.0,-0.4566296511374095,2.4799549750842718,0.10956940287830852,1.0353802242619554,0.302722056688928,2.529125898828827,2.1914800254375133,0.8571428571428571,0.25,0.25,0.375,1.0,0.0,0.0,0.0,0.0,0.0,0.6666666666666666,0.3283715783962482,0.6409567428138963,0.32442675657165376,1.0,0.9999999999999999
3dmax-vs-falcons-m2-ancient,13,T,ct_killed,112357.0,9,8,0.8888888888888888,0,0,9,0,0,0,0,0,18.585644777777773,36.23433,8.4821825,888,98.66666666666667,1,0,0.0,2.302585092994046,0.0,0.0,0.0,0.0,2.9747968885966976,2.2494145112890105,1.542731996916283,2.473419533086742,1.4349531159310447,-1.835853380341903,-0.7081974910453573,4.713758261286974,-0.4032616876259697,-0.773915922626406,0.0,-0.4566296511374095,-0.5043976220510383,0.21163875592635603,0.6850234189857111,0.1284109160371095,1.6078180648951383,0.6288459441606793,0.9999999999999999,1.0,0.8888888888888888,0.0,0.0,1.0,0.0,0.0,0.0,0.0,0.0,0.34760410338326175,0.5576913237573742,0.2895950964403643,0.7946884576098059,0.6379379782521144
3dmax-vs-falcons-m2-ancient,14,T,ct_killed,118696.0,6,2,0.3333333333333333,1,0,1,4,2,0,0,0,19.191849233333333,39.094486,4.6226974,334,55.666666666666664,1,0,0.0,0.6931471805599453,1.6094379124341003,1.0986122886681098,0.0,0.0,3.005279019677467,1.7268115131723347,-0.22394496729429908,-0.6718841119728165,-0.6591000849314195,-1.3969793399234685,-0.7081974910453573,0.13698100930235652,4.368668282614672,1.424005297632587,0.0,-0.4566296511374095,-0.5043976220510383,0.3289598176946643,1.0189449428971933,-0.7090031567374273,-0.9315080047529395,-1.1649675951915934,0.5714285714285714,0.25,0.3333333333333333,0.125,0.0,0.1111111111111111,1.0,0.6666666666666666,0.0,0.0,0.0,0.3697104475951213,0.6370507516370738,0.12225913464831306,0.22880490296220635,0.2223117196939186
3dmax-vs-falcons-m2-ancient,15,T,bomb_exploded,125367.0,3,1,0.3333333333333333,2,0,0,1,0,0,0,0,15.2639165,28.55374,4.1223645,110,36.666666666666664,1,0,0.0,0.0,0.6931471805599453,0.0,0.0,0.0,2.7889489422744993,1.6336161488532897,-1.990621931504881,-1.1961013861494096,-0.6591000849314195,-0.9581052995050336,-0.7081974910453573,-0.43511614719572067,0.7897208049341907,-0.773915922626406,0.0,-0.4566296511374095,-0.5043976220510383,-0.4312279945292334,-0.21168092767904723,-0.8175631849992531,-1.9582391231666025,-1.9575828800216672,0.14285714285714285,0.125,0.3333333333333333,0.25,0.0,0.0,0.25,0.0,0.0,0.0,0.0,0.22647126113200133,0.3445815394733908,0.10056616657915113,0.0,0.038662907772855415
3dmax-vs-falcons-m2-ancient,16,T,ct_killed,134410.0,7,3,0.42857142857142855,6,0,1,0,0,0,0,0,11.472976714285712,16.238426,8.390616,422,60.285714285714285,1,0,0.0,0.6931471805599453,0.0,0.0,0.0,0.0,2.523564441252205,2.2397108927724143,0.36494735410922824,-0.14766683779622344,-0.30011953621213994,0.7973908621687053,-0.7081974910453573,0.13698100930235652,-0.4032616876259697,-0.773915922626406,0.0,-0.4566296511374095,-0.5043976220510383,-1.1649030387882255,-1.6494865642696417,0.10854322029326266,-0.5281493510904289,-0.9722766612855354,0.7142857142857143,0.375,0.42857142857142855,0.75,0.0,0.1111111111111111,0.0,0.0,0.0,0.0,0.0,0.08822777080227318,0.002874208405136802,0.2856250413816125,0.31869254341164455,0.266958172717335
3dmax-vs-falcons-m2-ancient,17,CT,bomb_defused,141332.0,8,2,0.25,3,3,0,2,3,0,0,0,21.000405125,31.841879,10.694136,630,78.75,0,1,1.3862943611198906,0.0,1.0986122886681098,1.3862943611198906,0.0,0.0,3.0910608679614935,2.459087519581525,0.9538396755127555,-0.6718841119728165,-0.973208065060789,-0.519231259086599,1.9382247123346619,-0.43511614719572067,1.9827032974943513,2.5229659077620834,0.0,-0.4566296511374095,-0.5043976220510383,0.6789765414800543,0.1722073587335734,0.6083508409827689,0.42524383029368695,-0.2020095517796176,0.8571428571428571,0.25,0.25,0.375,0.6000000000000001,0.0,0.5,1.0,0.0,0.0,0.0,0.43566271617574315,0.4358160140366408,0.3854989169685985,0.5311542390194075,0.44542891663310513
3dmax-vs-falcons-m2-ancient,18,CT,t_killed,144277.0,7,2,0.2857142857142857,5,1,0,1,0,0,0,1,18.44831,30.455599,9.489324,427,61.0,0,1,0.6931471805599453,0.0,0.6931471805599453,0.0,0.0,0.6931471805599453,2.9677601768291932,2.350357978005685,0.36494735410922824,-0.6718841119728165,-0.8385903592910593,0.35851682175027055,0.17394324341464915,-0.43511614719572067,0.7897208049341907,-0.773915922626406,0.0,-0.4566296511374095,0.9877786765166167,0.18505983226629003,0.010359987412565424,0.3469360414159471,-0.5052312457686954,-0.9424790941866603,0.7142857142857143,0.25,0.2857142857142857,0.625,0.2,0.0,0.25,0.0,0.0,0.0,0.3333333333333333,0.3425959417935678,0.39735154297944336,0.33326179995042293,0.3237997957099081,0.27386226339105924
3dmax-vs-falcons-m2-ancient,19,CT,t_killed,152613.0,7,3,0.42857142857142855,4,2,0,0,0,0,0,0,20.442694714285714,29.856146,9.045255,834,119.14285714285714,0,1,1.0986122886681098,0.0,0.0,0.0,0.0,0.0,3.0653840146053795,2.3071003837087463,0.36494735410922824,-0.14766683779622344,-0.30011953621213994,-0.0803572186681642,1.0560839778746556,-0.43511614719572067,-0.4032616876259697,-0.773915922626406,0.0,-0.4566296511374095,-0.5043976220510383,0.5710407172798271,-0.059625796325562745,0.2505839062871144,1.360302527420416,1.483042867661761,0.7142857142857143,0.375,0.42857142857142855,0.5,0.4,0.0,0.0,0.0,0.0,0.0,0.0,0.415324795204033,0.3807187973806824,0.31400826967587037,0.7395301327885597,0.8358552442322075
3dmax-vs-falcons-m2-ancient,20,CT,bomb_defused,161930.0,6,2,0.3333333333333333,4,2,0,0,0,0,0,1,16.242255,27.261892,7.742592,504,84.0,0,1,1.0986122886681098,0.0,0.0,0.0,0.0,0.6931471805599453,2.8473630571459494,2.168206713205715,-0.22394496729429908,-0.6718841119728165,-0.6591000849314195,-0.0803572186681642,1.0560839778746556,-0.43511614719572067,-0.4032616876259697,-0.773915922626406,0.0,-0.4566296511374095,0.9877786765166167,-0.24188641094812377,-0.3625034187676454,-0.03206217214513436,-0.15229242381399863,0.017002566397113346,0.5714285714285714,0.25,0.3333333333333333,0.5,0.4,0.0,0.0,0.0,0.0,0.0,0.3333333333333333,0.26214814776407613,0.3087372295170338,0.2575286200988015,0.4024514811031665,0.49617398308497784
3dmax-vs-falcons-m1-inferno,1,T,ct_killed,5976.0,7,5,0.7142857142857143,0,0,7,0,0,0,0,0,13.823716914285715,34.134018,4.190132,581,83.0,1,0,0.0,2.0794415416798357,0.0,0.0,0.0,0.0,2.6962283923548016,1.6467591303803821,0.36494735410922824,0.9007677105569628,0.776822109945699,-1.835853380341903,-0.7081974910453573,3.5695639482908197,-0.4032616876259697,-0.773915922626406,0.0,-0.4566296511374095,-0.5043976220510383,-0.709955316649339,0.4398132333421401,-0.8028592914211307,0.2006463981406981,-0.024714027541311596,0.7142857142857143,0.625,0.7142857142857143,0.0,0.0,0.7777777777777777,0.0,0.0,0.0,0.0,0.0,0.17395177289036534,0.4994149364942782,0.10350436675272945,0.481103166496425,0.48650825614176396
3dmax-vs-falcons-m1-inferno,2,T,ct_killed,14166.0,6,2,0.3333333333333333,1,0,1,3,3,0,0,2,14.486511833333333,21.27211,9.014861,206,34.333333333333336,1,0,0.0,0.6931471805599453,1.3862943611198906,1.3862943611198906,0.0,1.0986122886681098,2.7399694407765636,2.304070089840237,-0.22394496729429908,-0.6718841119728165,-0.6591000849314195,-1.3969793399234685,-0.7081974910453573,0.13698100930235652,3.1756857900545117,2.5229659077620834,0.0,-0.4566296511374095,2.4799549750842718,-0.5816820865127458,-1.0618069299528965,0.24398915007781885,-1.5182115009893185,-2.0549215992113252,0.5714285714285714,0.25,0.3333333333333333,0.125,0.0,0.1111111111111111,0.75,1.0,0.0,0.0,0.6666666666666666,0.19812179092315985,0.1425415140930773,0.3126904749206302,0.09805924412665987,0.016109544905356488
3dmax-vs-falcons-m1-inferno,3,T,ct_killed,29262.0,5,4,0.8,4,0,0,1,1,0,1,0,22.277909100000002,34.924873,10.8089285,488,97.6,1,0,0.0,0.0,0.6931471805599453,0.6931471805599453,0.6931471805599453,0.0,3.147504803537506,2.4688558978967756,-0.8128372886978265,0.37655043638036967,1.0999046037930507,-0.0803572186681642,-0.7081974910453573,-0.43511614719572067,0.7897208049341907,0.32504468750309057,0.0,1.8591350082023104,-0.5043976220510383,0.9262167611562325,0.5321450875462518,0.6332580118768789,-0.22563036084354599,0.5843482439596923,0.4285714285714285,0.5,0.8,0.5,0.0,0.0,0.25,0.3333333333333333,0.0,0.5,0.0,0.48224921408837773,0.5213584250088206,0.3904759833119855,0.3861082737487232,0.6276278695126862
3dmax-vs-falcons-m1-inferno,4,CT,t_killed,33342.0,6,1,0.16666666666666666,6,0,0,0,0,0,0,0,21.0333465,24.931488,15.064547,196,32.666666666666664,0,1,0.0,0.0,0.0,0.0,0.0,0.0,3.0925570557687774,2.776614794224407,-0.22394496729429908,-1.1961013861494096,-1.2873160451901589,0.7973908621687053,-0.7081974910453573,-0.43511614719572067,-0.4032616876259697,-0.773915922626406,0.0,-0.4566296511374095,-0.5043976220510383,0.6853518114994178,-0.6345767095285033,1.5566233644882062,-1.5640477116327856,-2.124449255775367,0.5714285714285714,0.125,0.16666666666666666,0.75,0.0,0.0,0.0,0.0,0.0,0.0,0.0,0.4368639831210588,0.2440765857729293,0.5749871282617475,0.0878447395301328,0.0
3dmax-vs-falcons-m1-inferno,5,T,bomb_exploded,43850.0,4,2,0.5,4,0,0,0,0,0,0,0,23.107895,39.104523,10.204614,272,68.0,1,0,0.0,0.0,0.0,0.0,0.0,0.0,3.182539380210616,2.416325657752775,-1.4017296101013537,-0.6718841119728165,-0.030884124672680147,-0.0803572186681642,-0.7081974910453573,-0.43511614719572067,-0.4032616876259697,-0.773915922626406,0.0,-0.4566296511374095,-0.5043976220510383,1.08684709989481,1.0201167567197607,0.5021365141719886,-1.2156925107424355,-0.6504629366176857,0.2857142857142857,0.25,0.5,0.5,0.0,0.0,0.0,0.0,0.0,0.0,0.0,0.512516154273723,0.6373292436415756,0.36427467783670786,0.16547497446373854,0.3415223519935562
3dmax-vs-falcons-m1-inferno,6,T,ct_killed,53834.0,7,1,0.14285714285714285,5,2,0,0,1,0,0,0,13.138482499999999,17.36771,10.127707,501,71.57142857142857,1,0,1.0986122886681098,0.0,0.0,0.6931471805599453,0.0,0.0,2.6489003350487224,2.4094381242960687,0.36494735410922824,-1.1961013861494096,-1.3770611823699785,0.35851682175027055,1.0560839778746556,-0.43511614719572067,-0.4032616876259697,0.32504468750309057,0.0,-0.4566296511374095,-0.5043976220510383,-0.8425713479361908,-1.517643324177544,0.48544957215092166,-0.16604328700703874,-0.5014751011233111,0.7142857142857143,0.125,0.14285714285714285,0.625,0.4,0.0,0.0,0.3333333333333333,0.0,0.0,0.0,0.14896345799233396,0.03420793011601497,0.3609402157309878,0.39938712972420837,0.37604280536217705
3dmax-vs-falcons-m1-inferno,7,CT,bomb_defused,59772.0,7,4,0.5714285714285714,1,1,3,2,0,0,0,0,13.340558442857143,31.288227,3.1833906,646,92.28571428571429,0,1,0.6931471805599453,1.3862943611198906,1.0986122886681098,0.0,0.0,0.0,2.663091777429752,1.4311220660590143,0.36494735410922824,0.37655043638036967,0.23835128686677942,-1.3969793399234685,0.17394324341464915,1.281175322298511,1.9827032974943513,-0.773915922626406,0.0,-0.4566296511374095,-0.5043976220510383,-0.8034628195237676,0.1075688146972902,-1.0212976048647397,0.4985817673232343,0.3626543447440631,0.7142857142857143,0.5,0.5714285714285714,0.125,0.2,0.3333333333333333,0.5,0.0,0.0,0.0,0.0,0.15633252350941623,0.4204540876366642,0.059855010405978376,0.5474974463738509,0.5762614349001784
3dmax-vs-falcons-m1-inferno,8,T,bomb_exploded,71129.0,8,4,0.5,8,0,0,0,0,0,0,0,14.6608355625,22.0181,9.495669,516,64.5,1,0,0.0,0.0,0.0,0.0,0.0,0.0,2.751163045620732,2.350962695881298,0.9538396755127555,0.37655043638036967,-0.030884124672680147,1.6751389430055748,-0.7081974910453573,-0.43511614719572067,-0.4032616876259697,-0.773915922626406,0.0,-0.4566296511374095,-0.5043976220510383,-0.5479445499278303,-0.9747130380033924,0.348312751560975,-0.09728897104183809,-0.796471015402173,0.8571428571428571,0.5,0.5,1.0,0.0,0.0,0.0,0.0,0.0,0.0,0.0,0.20447882166738562,0.1632401541686455,0.33353690055323926,0.414708886618999,0.3076923076923077
3dmax-vs-falcons-m1-inferno,9,T,bomb_exploded,80078.0,5,3,0.6,5,0,0,0,0,0,1,1,13.925687399999997,36.48159,5.352489,349,69.8,1,0,0.0,0.0,0.0,0.0,0.6931471805599453,0.6931471805599453,2.7030837151695004,1.8488467046089514,-0.8128372886978265,-0.14766683779622344,0.3460454514825633,0.35851682175027055,-0.7081974910453573,-0.43511614719572067,-0.4032616876259697,-0.773915922626406,0.0,1.8591350082023104,0.9877786765166167,-0.6902205793946187,0.7138908779642954,-0.5506561907049258,-0.8627536887877387,-0.5753730675285209,0.4285714285714285,0.375,0.6,0.625,0.0,0.0,0.0,0.0,0.0,0.5,0.3333333333333333,0.17767031147250856,0.5645519328072073,0.15390075940643427,0.24412665985699694,0.3589206604913411
3dmax-vs-falcons-m1-inferno,10,CT,bomb_defused,88940.0,8,4,0.5,6,1,0,0,2,0,0,0,20.2063665,31.31655,14.54924,683,85.375,0,1,0.6931471805599453,0.0,0.0,1.0986122886681098,0.0,0.0,3.054301443198738,2.7440117628327703,0.9538396755127555,0.37655043638036967,-0.030884124672680147,0.7973908621687053,0.17394324341464915,-0.43511614719572067,-0.4032616876259697,1.424005297632587,0.0,-0.4566296511374095,-0.5043976220510383,0.5253032160593878,0.11087550822091093,1.4448143219816738,0.6681757467040625,0.07436288306244764,0.8571428571428571,0.5,0.5,0.75,0.2,0.0,0.0,0.6666666666666666,0.0,0.0,0.0,0.4067066585273795,0.42123995283976395,0.5526449271056459,0.585291113381001,0.5094643576318969
3dmax-vs-falcons-m1-inferno,11,CT,t_killed,95560.0,7,4,0.5714285714285714,6,1,0,0,2,0,0,0,16.032658485714286,33.730755,5.3045754,835,119.28571428571429,0,1,0.6931471805599453,0.0,0.0,1.0986122886681098,0.0,0.0,2.8351325885226917,1.8412756237709447,0.36494735410922824,0.37655043638036967,0.23835128686677942,0.7973908621687053,0.17394324341464915,-0.43511614719572067,-0.4032616876259697,1.424005297632587,0.0,-0.4566296511374095,-0.5043976220510383,-0.28245042425020456,0.39273251624240346,-0.5610522725338957,1.3648861484847625,1.4890023810815365,0.7142857142857143,0.5,0.5714285714285714,0.75,0.2,0.0,0.0,0.6666666666666666,0.0,0.0,0.0,0.2545048309788842,0.4882257842364814,0.15182336614511047,0.7405515832482126,0.8372360623669525
3dmax-vs-falcons-m1-inferno,12,T,ct_killed,100196.0,8,4,0.5,3,2,0,0,2,0,0,1,15.6909700625,37.93518,7.6626115,917,114.625,1,0,1.0986122886681098,0.0,0.0,1.0986122886681098,0.0,0.6931471805599453,2.8148678583633737,2.159016236006055,0.9538396755127555,0.37655043638036967,-0.030884124672680147,-0.519231259086599,1.0560839778746556,-0.43511614719572067,-0.4032616876259697,1.424005297632587,0.0,-0.4566296511374095,0.9877786765166167,-0.3485786887953751,0.8835966520348332,-0.049415988654892155,1.7407430757611928,1.2945732557613772,0.8571428571428571,0.5,0.5,0.375,0.4,0.0,0.0,0.6666666666666666,0.0,0.0,0.3333333333333333,0.2420445433192362,0.6048840233545945,0.2540609000415044,0.8243105209397346,0.7921868707209022
3dmax-vs-falcons-m1-inferno,13,CT,bomb_defused,120140.0,5,5,1.0,0,0,3,0,0,0,0,0,14.54644548,20.162159,5.7304344,619,123.8,0,1,0.0,1.3862943611198906,0.0,0.0,0.0,0.0,2.743832026000191,1.9066396883789303,-0.8128372886978265,0.9007677105569628,1.8537637561035376,-1.835853380341903,-0.7081974910453573,1.281175322298511,-0.4032616876259697,-0.773915922626406,0.0,-0.4566296511374095,-0.5043976220510383,-0.5700828991459425,-1.191393053712256,-0.4686512629749544,0.3748239985858731,1.6773230051464258,0.4285714285714285,0.625,1.0,0.0,0.0,0.3333333333333333,0.0,0.0,0.0,0.0,0.0,0.2003073799780457,0.1117442162063535,0.17028736419314053,0.5199182839632277,0.8808699154248892
3dmax-vs-falcons-m1-inferno,14,CT,t_killed,127322.0,5,5,1.0,4,0,1,0,0,0,0,0,19.4611362,22.351616,17.531902,600,120.0,0,1,0.0,0.6931471805599453,0.0,0.0,0.0,0.0,3.0185272917284176,2.919493679390193,-0.8128372886978265,0.9007677105569628,1.8537637561035376,-0.0803572186681642,-0.7081974910453573,0.13698100930235652,-0.4032616876259697,-0.773915922626406,0.0,-0.4566296511374095,-0.5043976220510383,0.3810759520453211,-0.935775241963994,2.0919791816490543,0.2877351983632856,1.5187999481804113,0.4285714285714285,0.625,1.0,0.5,0.0,0.1111111111111111,0.0,0.0,0.0,0.0,0.0,0.37953048491478303,0.17249406862251654,0.6819644092486403,0.5005107252298264,0.8441401530406766
3dmax-vs-falcons-m1-inferno,15,T,ct_killed,136987.0,8,6,0.75,8,0,0,0,0,0,0,0,20.005991075,35.03002,6.4542136,640,80.0,1,0,0.0,0.0,0.0,0.0,0.0,0.0,3.0448076863218874,2.0087794564017973,0.9538396755127555,1.4249849847335558,0.9114398157154288,1.6751389430055748,-0.7081974910453573,-0.43511614719572067,-0.4032616876259697,-0.773915922626406,0.0,-0.4566296511374095,-0.5043976220510383,0.48652379535761836,0.5444209377008312,-0.31160884100485897,0.47108004093715405,-0.1498638093565864,0.8571428571428571,0.75,0.75,1.0,0.0,0.0,0.0,0.0,0.0,0.0,0.0,0.39939960547613107,0.5242758902671028,0.20166830890959545,0.5413687436159347,0.45751107531212243
3dmax-vs-falcons-m1-inferno,16,T,bomb_exploded,147745.0,7,3,0.42857142857142855,6,0,0,0,0,0,0,0,19.191423000000004,30.55351,10.109137,444,63.42857142857143,1,0,0.0,0.0,0.0,0.0,0.0,0.0,3.0052579102769763,2.4077679228666877,0.36494735410922824,-0.14766683779622344,-0.30011953621213994,0.7973908621687053,-0.7081974910453573,-0.43511614719572067,-0.4032616876259697,-0.773915922626406,0.0,-0.4566296511374095,-0.5043976220510383,0.32887732713101225,0.021791038840423573,0.4814203353671284,-0.42730968767480126,-0.8411673660504854,0.7142857142857143,0.375,0.42857142857142855,0.75,0.0,0.0,0.0,0.0,0.0,0.0,0.0,0.36969490422407747,0.4000682342868857,0.3601350749596247,0.3411644535240041,0.29733617168172144
3dmax-vs-falcons-m1-inferno,17,T,bomb_exploded,159599.0,6,6,1.0,6,0,0,0,1,0,0,0,19.214002833333335,33.00341,3.167424,775,129.16666666666666,1,0,0.0,0.0,0.0,0.6931471805599453,0.0,0.0,3.006375573819342,1.4272980991237982,-0.22394496729429908,1.4249849847335558,1.8537637561035376,0.7973908621687053,-0.7081974910453573,-0.43511614719572067,-0.4032616876259697,0.32504468750309057,0.0,-0.4566296511374095,-0.5043976220510383,0.3332472884484198,0.307815417031942,-1.0247619673866633,1.08986888462396,1.9012020592826395,0.5714285714285714,0.75,1.0,0.75,0.0,0.0,0.0,0.3333333333333333,0.0,0.0,0.0,0.37051831877231856,0.4680444783667456,0.059162745428054525,0.67926455566905,0.9327426500201369
3dmax-vs-falcons-m1-inferno,18,CT,t_killed,166283.0,7,5,0.7142857142857143,7,0,0,0,0,0,0,1,13.717957857142858,24.401785,8.27168,583,83.28571428571429,0,1,0.0,0.0,0.0,0.0,0.0,0.6931471805599453,2.6890683711454266,2.226964592931095,0.36494735410922824,0.9007677105569628,0.776822109945699,1.23626490258714,-0.7081974910453573,-0.43511614719572067,-0.4032616876259697,-0.773915922626406,0.0,-0.4566296511374095,0.9877786765166167,-0.7304232705911224,-0.6964192219580646,0.08273701102469674,0.20981364026939153,-0.01279500070176136,0.7142857142857143,0.625,0.7142857142857143,0.875,0.0,0.0,0.0,0.0,0.0,0.0,0.3333333333333333,0.17009507718432826,0.22937916121770902,0.2804683250228166,0.48314606741573035,0.48926989241125374
3dmax-vs-falcons-m1-inferno,19,T,bomb_exploded,176790.0,2,0,0.0,1,1,0,0,1,0,0,0,19.6527945,24.134481,15.171108,137,68.5,1,0,0.6931471805599453,0.0,0.0,0.6931471805599453,0.0,0.0,3.0278506371276994,2.78322619319573,-2.5795142529084085,-1.7203186603260028,-1.915532005448898,-1.3969793399234685,0.17394324341464915,-0.43511614719572067,-0.4032616876259697,0.32504468750309057,0.0,-0.4566296511374095,-0.5043976220510383,0.4181683142782941,-0.7276268060995011,1.5797445007788808,-1.8344813544292415,-0.6296046396484732,0.0,0.0,0.0,0.125,0.2,0.0,0.0,0.3333333333333333,0.0,0.0,0.0,0.3865196522031973,0.22196240055501965,0.5796073008916464,0.02757916241062308,0.3463552154651631
3dmax-vs-falcons-m1-inferno,20,CT,bomb_defused,186564.0,9,5,0.5555555555555556,8,0,0,0,0,0,0,0,14.618330144444444,27.130629,7.4507823,605,67.22222222222223,0,1,0.0,0.0,0.0,0.0,0.0,0.0,2.7484452337316525,2.1342590169654865,1.542731996916283,0.9007677105569628,0.17852119541356637,1.6751389430055748,-0.7081974910453573,-0.43511614719572067,-0.4032616876259697,-0.773915922626406,0.0,-0.4566296511374095,-0.5043976220510383,-0.5561707856994126,-0.37782829649920724,-0.09537775518809408,0.31065330368501914,-0.6829091763475715,0.9999999999999999,0.625,0.5555555555555556,1.0,0.0,0.0,0.0,0.0,0.0,0.0,0.0,0.20292878455730867,0.30509513566558905,0.24487660680051207,0.50561797752809,0.33400456437105663
3dmax-vs-falcons-m1-inferno,21,T,ct_killed,198156.0,6,3,0.5,6,0,0,0,1,0,1,1,9.053577683333334,16.62656,1.9299128,406,67.66666666666667,1,0,0.0,0.0,0.0,0.6931471805599453,0.6931471805599453,0.6931471805599453,2.3079285595476278,1.0749726614939557,-0.22394496729429908,-0.14766683779622344,-0.030884124672680147,0.7973908621687053,-0.7081974910453573,-0.43511614719572067,-0.4032616876259697,0.32504468750309057,0.0,1.8591350082023104,0.9877786765166167,-1.633138566507032,-1.6041721489853495,-1.2932716953024683,-0.6014872881199763,-0.6643684679304939,0.5714285714285714,0.375,0.5,0.75,0.0,0.0,0.0,0.3333333333333333,0.0,0.5,0.3333333333333333,0.0,0.013643583285618655,0.005507886939175935,0.30234933605720127,0.33830044301248496
3dmax-vs-falcons-m1-inferno,22,CT,t_killed,206177.0,7,5,0.7142857142857143,2,1,3,1,1,0,0,0,22.74783228571428,34.131584,5.849596,664,94.85714285714286,0,1,0.6931471805599453,1.3862943611198906,0.6931471805599453,0.6931471805599453,0.0,0.0,3.16749125413464,1.9241896724326675,0.36494735410922824,0.9007677105569628,0.776822109945699,-0.9581052995050336,0.17394324341464915,1.281175322298511,0.7897208049341907,0.32504468750309057,0.0,-0.4566296511374095,-0.5043976220510383,1.0171627886759729,0.43952906527955865,-0.44279610401234304,0.5810869464814751,0.46992558630001285,0.7142857142857143,0.625,0.7142857142857143,0.25,0.2,0.3333333333333333,0.25,0.3333333333333333,0.0,0.0,0.0,0.499385814786921,0.4993474014201566,0.17545386190670334,0.5658835546475995,0.6011161613255854
