assistedflash,assister_name,assister_steamid,attacker_name,attacker_steamid,attackerblind,attackerinair,distance,dmg_armor,dmg_health,dominated,headshot,hitgroup,noreplay,noscope,penetrated,revenge,thrusmoke,tick,user_name,user_steamid,weapon,weapon_fauxitemid,weapon_itemid,weapon_originalowner_xuid,wipe
False,,,kyousuke,76561199032006224,False,False,7.4437766,0,109,0,True,head,False,False,0,0,False,3269,Lucky,76561198031890115,glock,17293822569105850372,46451558732,,0
False,,,Maka,76561198045739761,False,False,32.02267,0,110,0,True,head,False,False,0,0,False,3331,kyousuke,76561199032006224,usp_silencer,17293822569135734845,16042940049,,0
False,NiKo,76561198041683378,TeSeS,76561197996678278,False,False,9.008425,0,107,0,True,head,False,False,0,0,False,3575,Ex3rcice,76561198168198200,glock,17293822569165422596,23868644929,,0
False,,,bodyy,76561198013295375,False,False,8.878769,0,129,0,True,head,False,False,0,0,False,4160,m0NESY,76561198074762801,elite,17293822569176498178,30222795281,,0
False,,,Graviti,76561198179538505,False,False,14.415428,0,116,0,True,head,False,False,0,0,False,4198,NiKo,76561198041683378,elite,17293822569151660034,24807564696,,0
False,,,kyxsan,76561198057282432,False,False,14.471133,0,100,0,True,head,False,False,0,0,False,4554,Maka,76561198045739761,glock,17293822569155067908,46678859058,,0
False,Maka,76561198045739761,Graviti,76561198179538505,False,False,7.3667264,0,133,0,True,head,False,False,0,0,False,4610,kyxsan,76561198057282432,elite,17293822569151660034,24807564696,,0
False,,,Graviti,76561198179538505,False,False,7.272682,0,134,0,True,head,False,False,0,0,False,4947,TeSeS,76561197996678278,elite,17293822569151660034,24807564696,,0
False,,,m0NESY,76561198074762801,False,False,23.017326,13,90,0,True,head,False,False,0,0,False,9761,bodyy,76561198013295375,galilar,17293822569146023949,28026197576,,0
False,,,Maka,76561198045739761,False,False,9.899533,0,126,0,True,head,False,False,0,0,False,12218,NiKo,76561198041683378,m4a1_silencer,17293822569167192124,20840919166,,0
False,NiKo,76561198041683378,m0NESY,76561198074762801,False,False,12.839713,2,11,0,False,chest,False,False,1,0,False,12303,Maka,76561198045739761,m4a1,17293822569148252176,18910746995,,0
False,,,kyousuke,76561199032006224,False,False,52.17537,0,132,0,True,head,False,False,0,0,False,18148,Maka,76561198045739761,ak47,17293822569150152711,41166387524,,0
False,,,kyousuke,76561199032006224,False,False,20.776173,0,27,0,False,left_leg,False,False,0,0,False,19109,bodyy,76561198013295375,ak47,17293822569150152711,41166387524,,0
False,,,kyousuke,76561199032006224,False,False,31.805,4,34,0,False,stomach,False,False,0,0,True,26932,Lucky,76561198031890115,ak47,17293822569150152711,41166387524,,0
False,,,TeSeS,76561197996678278,False,False,7.294778,13,92,0,True,head,False,False,0,0,False,29134,Graviti,76561198179538505,galilar,17293822569102704653,0,,0
True,kyxsan,76561198057282432,TeSeS,76561197996678278,False,False,28.056412,0,115,0,True,head,False,False,0,0,False,29223,Maka,76561198045739761,galilar,17293822569102704653,0,,0
False,,,Ex3rcice,76561198168198200,False,False,9.902591,4,20,0,False,chest,False,False,0,0,False,29337,kyxsan,76561198057282432,famas,17293822569162932234,41068156769,,0
False,kyxsan,76561198057282432,TeSeS,76561197996678278,False,False,16.13982,3,23,0,False,chest,False,False,0,0,False,29342,Ex3rcice,76561198168198200,galilar,17293822569102704653,0,,0
False,,,m0NESY,76561198074762801,False,False,18.779907,0,32,0,False,chest,False,False,0,0,False,32073,bodyy,76561198013295375,m4a1,17293822569148252176,18910746995,,0
False,,,Graviti,76561198179538505,False,False,17.81399,4,22,0,False,chest,False,False,0,0,False,35929,TeSeS,76561197996678278,m4a1,17293822569158017040,45961725543,,0
False,,,kyxsan,76561198057282432,False,False,9.262816,0,129,0,True,head,False,False,0,0,False,36751,bodyy,76561198013295375,m4a1,17293822569148252176,18910746995,,0
False,,,kyousuke,76561199032006224,False,False,7.9949656,0,142,0,True,head,False,False,0,0,False,37139,Lucky,76561198031890115,ak47,17293822569150152711,41166387524,,0
False,,,NiKo,76561198041683378,False,False,6.847696,0,143,0,True,head,False,False,0,0,False,37693,Graviti,76561198179538505,ak47,17293822569173942279,46678859076,,0
False,,,NiKo,76561198041683378,False,False,6.2665195,4,27,0,False,chest,False,False,0,0,False,37731,Ex3rcice,76561198168198200,ak47,17293822569173942279,46678859076,,0
False,,,Maka,76561198045739761,False,False,33.484024,1,109,0,False,left_arm,False,False,0,0,False,46438,kyousuke,76561199032006224,awp,17293822569131933705,41389322764,,0
False,,,m0NESY,76561198074762801,False,False,40.390366,1,109,0,False,chest,False,False,0,0,True,49889,Maka,76561198045739761,awp,17293822569125249033,43287757702,,0
False,,,Graviti,76561198179538505,False,False,24.867167,0,14,0,False,right_leg,False,False,0,0,False,51804,TeSeS,76561197996678278,mp9,17293822569174401058,27609681371,,0
False,,,m0NESY,76561198074762801,False,False,36.911373,1,109,0,False,chest,False,False,0,0,False,56279,Maka,76561198045739761,awp,17293822569125249033,43287757702,,0
False,,,bodyy,76561198013295375,False,False,13.945161,5,25,0,False,chest,False,False,0,0,True,56676,TeSeS,76561197996678278,m4a1_silencer,17293822569126297660,27014592601,,0
False,,,kyousuke,76561199032006224,False,False,23.442617,3,27,0,False,chest,False,False,0,0,True,57838,Ex3rcice,76561198168198200,ak47,17293822569150152711,41166387524,,0
False,,,Graviti,76561198179538505,False,False,24.174131,6,29,0,False,stomach,False,False,0,0,False,57865,kyousuke,76561199032006224,m4a1_silencer,17293822569167192124,20840919166,,0
False,kyousuke,76561199032006224,NiKo,76561198041683378,False,False,43.686237,0,134,0,True,head,False,False,0,0,False,58024,Lucky,76561198031890115,ak47,17293822569173942279,46678859076,,0
False,,,m0NESY,76561198074762801,False,False,13.010433,1,111,0,False,chest,False,False,0,0,False,58324,Graviti,76561198179538505,awp,17293822569125249033,43287757702,,0
False,,,bodyy,76561198013295375,False,False,27.56368,6,29,0,False,stomach,False,False,0,0,False,63987,kyxsan,76561198057282432,m4a1_silencer,17293822569126297660,27014592601,,0
False,kyxsan,76561198057282432,TeSeS,76561197996678278,False,False,28.605516,0,124,0,True,head,False,False,0,0,False,63990,bodyy,76561198013295375,m4a1,17293822569148252176,18910746995,,0
False,,,NiKo,76561198041683378,False,False,19.948154,4,34,0,False,stomach,False,False,0,0,True,65621,Graviti,76561198179538505,ak47,17293822569121185799,31980002385,,0
False,kyousuke,76561199032006224,m0NESY,76561198074762801,False,False,36.239204,1,136,0,False,stomach,False,False,0,0,False,65649,Lucky,76561198031890115,awp,17293822569125249033,43287757702,,0
False,,,Graviti,76561198179538505,False,False,16.334003,0,24,0,False,right_leg,False,False,0,0,True,73343,kyousuke,76561199032006224,hkp2000,17293822569128198176,40744795789,,0
False,,,NiKo,76561198041683378,False,False,5.614881,0,75,0,True,head,False,False,1,0,False,74458,Maka,76561198045739761,ak47,17293822569121185799,31980002385,,0
False,,,TeSeS,76561197996678278,False,False,9.319526,0,129,0,True,head,False,False,0,0,False,74478,Graviti,76561198179538505,m4a1,17293822569148252176,18910746995,,0
False,,,Ex3rcice,76561198168198200,False,False,19.400711,5,25,0,False,chest,False,False,0,0,False,74534,TeSeS,76561197996678278,m4a1_silencer,17293822569179840572,44274685964,,0
False,,,Ex3rcice,76561198168198200,False,False,3.172948,5,26,0,False,chest,False,False,0,0,False,75200,kyxsan,76561198057282432,m4a1_silencer,17293822569179840572,44274685964,,0
False,,,Ex3rcice,76561198168198200,False,False,6.308617,0,35,0,False,chest,False,False,0,0,False,75504,m0NESY,76561198074762801,ak47,17293822569173942279,46678859076,,0
False,,,NiKo,76561198041683378,False,False,30.236492,3,26,0,False,chest,False,False,0,0,False,75669,bodyy,76561198013295375,ak47,17293822569121185799,31980002385,,0
False,bodyy,76561198013295375,Lucky,76561198031890115,False,False,30.40255,4,23,0,False,left_arm,False,False,0,0,False,75744,NiKo,76561198041683378,m4a1_silencer,17293822569169354812,44381482751,,0
False,,,m0NESY,76561198074762801,False,False,43.651573,3,234,0,True,head,False,False,2,0,False,80331,Lucky,76561198031890115,awp,17293822569125249033,43287757702,,0
False,,,Ex3rcice,76561198168198200,False,False,11.816766,18,87,0,True,head,False,False,0,0,False,82862,kyousuke,76561199032006224,m4a1_silencer,17293822569179840572,44274685964,,0
False,,,NiKo,76561198041683378,False,False,29.29259,0,138,0,True,head,False,False,0,0,False,83709,Graviti,76561198179538505,ak47,17293822569121185799,31980002385,,0
False,,,Ex3rcice,76561198168198200,False,False,18.415066,6,31,0,False,stomach,False,False,0,0,False,86259,NiKo,76561198041683378,m4a1_silencer,17293822569179840572,44274685964,,0
False,,,TeSeS,76561197996678278,False,False,5.190556,4,28,0,False,chest,False,False,0,0,True,90002,Graviti,76561198179538505,ak47,17293822569165553671,23868618176,,0
False,,,NiKo,76561198041683378,False,False,16.80542,15,109,0,True,head,False,False,0,0,False,90141,Lucky,76561198031890115,ak47,17293822569121185799,31980002385,,0
False,Graviti,76561198179538505,Ex3rcice,76561198168198200,False,False,6.5006056,4,28,0,False,right_arm,False,False,0,0,True,90195,TeSeS,76561197996678278,ak47,17293822569150152711,41166387524,,0
False,TeSeS,76561197996678278,kyousuke,76561199032006224,False,False,7.775883,16,110,0,True,head,False,False,0,0,False,90358,Ex3rcice,76561198168198200,ak47,17293822569150152711,41166387524,,0
False,Lucky,76561198031890115,Maka,76561198045739761,False,False,14.362514,1,139,0,False,stomach,False,False,0,0,False,90659,NiKo,76561198041683378,awp,17293822569125249033,43287757702,,0
False,,,kyxsan,76561198057282432,False,False,14.140483,15,109,0,True,head,False,False,0,0,True,90997,bodyy,76561198013295375,ak47,17293822569173942279,46678859076,,0
False,,,kyousuke,76561199032006224,False,False,6.0239396,0,143,0,True,head,False,False,0,0,False,92231,Maka,76561198045739761,ak47,17293822569150152711,41166387524,,0
False,m0NESY,76561198074762801,Graviti,76561198179538505,False,False,16.56491,0,24,0,False,left_leg,False,False,0,0,True,94533,kyxsan,76561198057282432,m4a1,17293822569158017040,45961725543,,0
False,,,Maka,76561198045739761,False,False,8.030322,1,139,0,False,stomach,False,False,0,0,False,95048,TeSeS,76561197996678278,awp,17293822569169944585,26106049833,,0
False,,,Graviti,76561198179538505,False,False,10.592055,4,23,0,False,chest,False,False,0,0,False,95562,kyousuke,76561199032006224,m4a1,17293822569158017040,45961725543,,0
False,,,m0NESY,76561198074762801,False,False,11.136361,0,180,0,True,head,False,False,0,0,False,97886,bodyy,76561198013295375,deagle,17293822569105129473,30597131235,,0
False,bodyy,76561198013295375,Maka,76561198045739761,False,False,17.26153,1,138,0,False,stomach,False,False,0,0,False,99584,m0NESY,76561198074762801,awp,17293822569169944585,26106049833,,0
False,Lucky,76561198031890115,Ex3rcice,76561198168198200,False,False,7.4042425,6,32,0,False,stomach,False,False,0,0,False,100199,NiKo,76561198041683378,m4a1_silencer,17293822569179840572,44274685964,,0
False,,,Maka,76561198045739761,False,False,4.364455,0,114,0,True,head,False,False,0,0,False,117837,TeSeS,76561197996678278,glock,17293822569125838852,12772812990,,0
False,,,Ex3rcice,76561198168198200,False,False,16.238472,0,97,0,True,head,False,False,0,0,False,117910,kyxsan,76561198057282432,glock,17293822569105850372,45089236721,,0
False,,,Maka,76561198045739761,False,False,21.333788,0,91,0,True,head,False,False,0,0,False,118007,m0NESY,76561198074762801,glock,17293822569125838852,12772812990,,0
False,,,kyousuke,76561199032006224,False,False,23.535688,0,118,0,True,head,False,False,0,0,False,118872,bodyy,76561198013295375,usp_silencer,17293822569124921405,23868648851,,0
False,,,kyousuke,76561199032006224,False,False,8.394902,0,132,0,True,head,False,False,0,0,False,119675,Graviti,76561198179538505,usp_silencer,17293822569124921405,23868648851,,0
False,,,NiKo,76561198041683378,False,False,18.729542,0,122,0,True,head,False,False,0,0,False,120306,Ex3rcice,76561198168198200,usp_silencer,17293822569148907581,25704622822,,0
False,,,Lucky,76561198031890115,False,False,12.782459,0,102,0,True,head,False,False,0,0,False,120583,kyousuke,76561199032006224,glock,17293822569165815812,40744515569,,0
False,,,NiKo,76561198041683378,False,False,20.816938,0,120,0,True,head,False,False,0,0,False,120839,Maka,76561198045739761,usp_silencer,17293822569148907581,25704622822,,0
False,,,TeSeS,76561197996678278,False,False,17.214853,17,51,0,True,head,False,False,0,0,False,124083,Maka,76561198045739761,mp9,17293822569109258274,5186326125,,0
False,Maka,76561198045739761,Ex3rcice,76561198168198200,False,False,8.194704,4,28,0,False,stomach,False,False,0,0,True,124551,TeSeS,76561197996678278,galilar,17293822569170731021,41068202797,,0
False,kyxsan,76561198057282432,NiKo,76561198041683378,False,False,24.766558,1,36,0,False,right_arm,False,False,0,0,False,124586,Ex3rcice,76561198168198200,deagle,17293822569105129473,5017186386,,0
False,,,Graviti,76561198179538505,False,False,11.579718,0,95,0,True,head,False,False,0,0,False,126269,kyousuke,76561199032006224,mac10,17293822569105588241,37648618757,,0
False,,,Graviti,76561198179538505,False,False,7.725559,5,15,0,False,right_arm,False,False,0,0,True,126541,m0NESY,76561198074762801,mac10,17293822569105588241,37648618757,,0
False,,,bodyy,76561198013295375,False,False,17.833029,0,117,0,True,head,False,False,0,0,False,127257,NiKo,76561198041683378,galilar,17293822569127542797,16197143978,,0
False,,,Graviti,76561198179538505,False,False,12.144506,4,14,0,False,chest,False,False,0,0,False,127469,kyxsan,76561198057282432,mac10,17293822569105588241,37648618757,,0
False,Ex3rcice,76561198168198200,Graviti,76561198179538505,False,False,3.2228224,0,36,0,False,chest,False,False,0,0,True,131319,kyxsan,76561198057282432,ak47,17293822569122496519,46723916441,,0
False,,,NiKo,76561198041683378,False,False,23.564116,5,143,0,True,head,False,False,0,0,False,131385,Maka,76561198045739761,deagle,17293822569105129473,5017186386,,0
False,,,bodyy,76561198013295375,False,False,30.727606,0,34,0,False,chest,False,False,0,0,False,131455,NiKo,76561198041683378,ak47,17293822569114501127,35423584238,,0
False,,,kyousuke,76561199032006224,False,False,13.824673,5,162,0,True,head,False,False,0,0,False,131677,Graviti,76561198179538505,deagle,17293822569105129473,43530462879,,0
False,Graviti,76561198179538505,bodyy,76561198013295375,False,False,41.065567,0,25,0,False,right_leg,False,False,0,0,True,132222,TeSeS,76561197996678278,ak47,17293822569114501127,35423584238,,0
False,Ex3rcice,76561198168198200,bodyy,76561198013295375,False,False,20.734085,0,35,0,False,chest,False,False,0,0,False,133300,kyousuke,76561199032006224,ak47,17293822569114501127,35423584238,,0
False,bodyy,76561198013295375,Ex3rcice,76561198168198200,False,False,8.016968,0,36,0,False,chest,False,False,0,0,False,134274,m0NESY,76561198074762801,ak47,17293822569122496519,46723916441,,0
False,,,TeSeS,76561197996678278,True,False,16.134838,6,30,0,False,stomach,False,False,0,0,False,136723,Graviti,76561198179538505,m4a1_silencer,17293822569138618428,24993671061,,0
True,Maka,76561198045739761,Ex3rcice,76561198168198200,False,False,14.421527,15,109,0,True,head,False,False,0,0,False,136840,TeSeS,76561197996678278,ak47,17293822569122496519,46723916441,,0
False,,,kyxsan,76561198057282432,False,False,7.610696,4,22,0,False,chest,False,False,0,0,False,136907,Ex3rcice,76561198168198200,m4a1,17293822569148252176,36658397039,,0
True,Maka,76561198045739761,bodyy,76561198013295375,False,False,9.416144,3,28,0,False,chest,False,False,0,0,False,136979,kyxsan,76561198057282432,ak47,17293822569168502791,41914159241,,0
False,bodyy,76561198013295375,Lucky,76561198031890115,False,False,2.9693115,4,28,0,False,chest,False,False,0,0,True,137087,NiKo,76561198041683378,ak47,17293822569121185799,40075636079,,0
False,,,bodyy,76561198013295375,False,False,15.460647,15,109,0,True,head,False,False,0,0,False,137239,kyousuke,76561199032006224,ak47,17293822569168502791,41914159241,,0
False,,,m0NESY,76561198074762801,False,False,27.655437,1,110,0,False,chest,False,False,0,0,False,146008,Graviti,76561198179538505,awp,17293822569125249033,43287757702,,0
False,,,TeSeS,76561197996678278,False,False,3.4721992,20,60,0,True,head,False,False,0,0,False,146017,Maka,76561198045739761,mp9,17293822569109258274,5186326125,,0
False,,,Lucky,76561198031890115,False,False,5.4147015,0,143,0,True,head,False,False,0,0,False,146031,TeSeS,76561197996678278,ak47,17293822569121185799,40075636079,,0
False,,,kyousuke,76561199032006224,False,False,3.6036742,6,184,0,True,head,False,False,0,0,False,147470,bodyy,76561198013295375,deagle,17293822569105129473,43530462879,,0
False,,,kyousuke,76561199032006224,False,False,30.820177,15,106,0,True,head,False,False,0,0,False,148562,Lucky,76561198031890115,ak47,17293822569168502791,41914159241,,0
False,,,Ex3rcice,76561198168198200,False,False,8.930282,0,142,0,True,head,False,False,0,0,False,148747,NiKo,76561198041683378,ak47,17293822569114501127,35423584238,,0
False,,,Ex3rcice,76561198168198200,False,False,11.860688,0,141,0,True,head,False,False,0,0,False,149688,kyxsan,76561198057282432,ak47,17293822569114501127,35423584238,,0
False,m0NESY,76561198074762801,kyousuke,76561199032006224,False,False,10.565465,15,110,0,True,head,False,False,0,0,False,149800,Ex3rcice,76561198168198200,ak47,17293822569168502791,41914159241,,0
False,,,Maka,76561198045739761,False,False,46.276657,1,101,0,False,left_arm,False,False,1,0,False,154753,kyousuke,76561199032006224,awp,17293822569131933705,41389322764,,0
False,,,NiKo,76561198041683378,False,False,30.464119,17,80,0,True,head,False,False,0,0,False,154978,Graviti,76561198179538505,m4a1_silencer,17293822569119547452,46451558722,,0
False,Graviti,76561198179538505,bodyy,76561198013295375,True,False,8.870333,15,110,0,True,head,False,False,0,0,False,154990,NiKo,76561198041683378,ak47,17293822569168502791,41914159241,,0
False,,,m0NESY,76561198074762801,False,False,11.993477,1,111,0,False,chest,False,False,0,0,False,155081,Lucky,76561198031890115,awp,17293822569125249033,43287757702,,0
False,,,Ex3rcice,76561198168198200,False,False,15.132081,15,109,0,True,head,False,False,0,0,False,156464,kyxsan,76561198057282432,ak47,17293822569121185799,40075636079,,0
False,,,TeSeS,76561197996678278,False,False,34.148315,4,23,0,False,chest,False,False,0,0,False,157592,bodyy,76561198013295375,m4a1_silencer,17293822569138618428,24993671061,,0
False,bodyy,76561198013295375,Ex3rcice,76561198168198200,False,False,4.9333706,2,16,0,False,right_arm,False,False,1,0,False,157625,TeSeS,76561197996678278,ak47,17293822569121185799,40075636079,,0
False,,,Maka,76561198045739761,False,False,27.7399,1,109,0,False,chest,False,False,0,0,False,157691,m0NESY,76561198074762801,awp,17293822569131933705,41389322764,,0
False,,,NiKo,76561198041683378,False,False,3.4922009,19,91,0,True,head,False,False,0,0,False,160252,Graviti,76561198179538505,m4a1_silencer,17293822569126297660,30597131242,,0
False,,,m0NESY,76561198074762801,False,False,40.213825,1,109,0,False,chest,False,False,0,0,True,160375,bodyy,76561198013295375,awp,17293822569150939145,43543848066,,0
False,kyxsan,76561198057282432,kyousuke,76561199032006224,False,False,16.824125,18,85,0,True,head,False,False,0,0,False,163620,Lucky,76561198031890115,m4a1_silencer,17293822569119547452,46451558722,,0
False,,,m0NESY,76561198074762801,False,False,50.940865,1,108,0,False,right_arm,False,False,0,0,True,173056,Maka,76561198045739761,awp,17293822569150939145,43543848066,,0
False,,,TeSeS,76561197996678278,False,False,18.973125,10,48,0,True,head,False,False,1,0,False,174465,Ex3rcice,76561198168198200,m4a1_silencer,17293822569126297660,30597131242,,0
False,,,Lucky,76561198031890115,False,False,15.315448,4,90,0,True,head,False,False,0,0,False,174576,TeSeS,76561197996678278,tec9,17293822569142943774,35674731385,,0
False,,,Lucky,76561198031890115,False,False,15.549324,15,109,0,True,head,False,False,0,0,False,174858,NiKo,76561198041683378,ak47,17293822569163063303,45317827930,,0
False,,,bodyy,76561198013295375,False,False,27.873814,1,109,0,False,chest,False,False,0,0,True,176338,m0NESY,76561198074762801,awp,17293822569131933705,41389322764,,0
False,,,Lucky,76561198031890115,False,False,2.9693844,16,111,0,True,head,False,False,0,0,False,176800,kyxsan,76561198057282432,ak47,17293822569163063303,45317827930,,0
False,Lucky,76561198031890115,Graviti,76561198179538505,False,False,10.393271,13,92,0,True,head,False,False,0,0,False,176800,kyousuke,76561199032006224,galilar,17293822569135079437,13141988296,,0
False,,,NiKo,76561198041683378,False,False,11.291334,5,25,0,False,chest,False,False,0,0,False,183237,Ex3rcice,76561198168198200,m4a1_silencer,17293822569167192124,27275000159,,0
True,Graviti,76561198179538505,bodyy,76561198013295375,False,False,16.845675,0,140,0,True,head,False,False,0,0,False,183279,NiKo,76561198041683378,ak47,17293822569168502791,41914159241,,0
False,,,kyousuke,76561199032006224,False,False,29.603163,4,23,0,False,chest,False,False,0,0,True,183688,Lucky,76561198031890115,m4a1_silencer,17293822569119547452,46451558722,,0
False,,,TeSeS,76561197996678278,False,False,35.36292,16,78,0,True,head,False,False,0,0,False,185537,Maka,76561198045739761,m4a1_silencer,17293822569138618428,24993671061,,0
False,,,bodyy,76561198013295375,False,False,19.070494,0,140,0,True,head,False,False,0,0,False,185727,m0NESY,76561198074762801,ak47,17293822569168502791,41914159241,,0
False,,,kyousuke,76561199032006224,False,False,43.5151,0,23,0,False,right_leg,False,False,0,0,False,186100,Graviti,76561198179538505,m4a1_silencer,17293822569119547452,46451558722,,0
False,,,Ex3rcice,76561198168198200,False,False,15.837408,1,51,0,False,stomach,False,False,0,0,True,191762,kyousuke,76561199032006224,deagle,17293822569105129473,46345479387,,0
False,,,bodyy,76561198013295375,False,False,10.667091,15,110,0,True,head,False,False,0,0,False,192445,m0NESY,76561198074762801,ak47,17293822569168502791,41914159241,,0
False,,,bodyy,76561198013295375,False,False,12.713209,0,141,0,True,head,False,False,0,0,False,193276,TeSeS,76561197996678278,ak47,17293822569168502791,41914159241,,0
False,,,kyxsan,76561198057282432,False,False,13.980393,5,25,0,False,chest,False,False,0,0,False,193280,Ex3rcice,76561198168198200,m4a1_silencer,17293822569119547452,46451558722,,0
False,,,kyxsan,76561198057282432,False,False,5.984069,0,129,0,True,head,False,False,0,0,False,193319,Graviti,76561198179538505,m4a1_silencer,17293822569119547452,46451558722,,0
False,,,Maka,76561198045739761,False,False,4.769025,16,111,0,True,head,False,False,0,0,False,193329,kyxsan,76561198057282432,ak47,17293822569163063303,45317827930,,0
False,,,bodyy,76561198013295375,False,False,34.5959,15,106,0,True,head,False,False,0,0,False,193529,NiKo,76561198041683378,ak47,17293822569168502791,41914159241,,0
False,,,Lucky,76561198031890115,True,False,9.990364,0,142,0,True,head,False,False,0,0,False,196191,kyousuke,76561199032006224,ak47,17293822569121185799,40075636079,,0
False,,,Lucky,76561198031890115,False,False,8.196292,0,36,0,False,chest,False,False,0,0,False,198688,TeSeS,76561197996678278,ak47,17293822569121185799,40075636079,,0
False,,,kyxsan,76561198057282432,False,False,15.98052,1,28,0,False,stomach,False,False,0,0,False,199521,Maka,76561198045739761,fiveseven,17293822569157165059,41775149460,,0
False,,,Ex3rcice,76561198168198200,False,False,16.04858,4,34,0,False,stomach,False,False,0,0,False,199768,m0NESY,76561198074762801,ak47,17293822569163063303,45317827930,,0
False,Ex3rcice,76561198168198200,bodyy,76561198013295375,False,False,25.079693,0,44,0,False,stomach,False,False,0,0,False,199808,kyxsan,76561198057282432,ak47,17293822569168502791,41914159241,,0
False,m0NESY,76561198074762801,NiKo,76561198041683378,False,False,18.775723,5,152,0,True,head,False,False,0,0,False,200102,Ex3rcice,76561198168198200,deagle,17293822569105129473,5017186386,,0
False,Lucky,76561198031890115,Graviti,76561198179538505,False,False,17.82732,0,140,0,True,head,False,False,0,0,False,200917,NiKo,76561198041683378,ak47,17293822569168502791,41914159241,,0
False,,,bodyy,76561198013295375,False,False,17.698465,3,27,0,False,chest,False,False,0,0,False,209483,kyxsan,76561198057282432,ak47,17293822569168502791,41914159241,,0
False,kyxsan,76561198057282432,TeSeS,76561197996678278,False,False,13.724016,18,87,0,True,head,False,False,0,0,False,209507,bodyy,76561198013295375,m4a1_silencer,17293822569138618428,24993671061,,0
False,Maka,76561198045739761,Graviti,76561198179538505,False,False,3.6878796,0,143,0,True,head,False,False,0,0,False,210053,kyousuke,76561199032006224,ak47,17293822569168502791,41914159241,,0
False,kyousuke,76561199032006224,NiKo,76561198041683378,False,False,5.574758,19,90,0,True,head,False,False,0,0,False,210358,Graviti,76561198179538505,m4a1_silencer,17293822569167192124,27275000159,,0
False,,,NiKo,76561198041683378,False,False,9.210398,18,89,0,True,head,False,False,0,0,False,210417,Maka,76561198045739761,m4a1_silencer,17293822569167192124,27275000159,,0
False,,,m0NESY,76561198074762801,False,False,20.79624,1,111,0,False,chest,False,False,0,0,False,210921,Lucky,76561198031890115,awp,17293822569155330057,41852261453,,0
False,Maka,76561198045739761,Ex3rcice,76561198168198200,False,False,11.576424,0,141,0,True,head,False,False,0,0,False,210995,NiKo,76561198041683378,ak47,17293822569121185799,40075636079,,0
False,Graviti,76561198179538505,Ex3rcice,76561198168198200,False,False,24.35522,3,27,0,False,chest,False,False,0,0,False,211035,m0NESY,76561198074762801,ak47,17293822569121185799,40075636079,,0
False,bodyy,76561198013295375,Ex3rcice,76561198168198200,False,False,10.969243,3,27,0,False,right_arm,False,False,0,0,False,211315,TeSeS,76561197996678278,ak47,17293822569121185799,40075636079,,0
False,,,,,False,False,0.0,100,314,0,False,generic,False,False,0,0,False,211851,Ex3rcice,76561198168198200,planted_c4,,,,0
False,,,bodyy,76561198013295375,False,False,6.412836,0,142,0,True,head,False,False,0,0,False,218637,NiKo,76561198041683378,ak47,17293822569168502791,41914159241,,0
False,,,kyousuke,76561199032006224,False,False,14.939708,5,24,0,False,chest,False,False,0,0,False,218779,Lucky,76561198031890115,m4a1_silencer,17293822569119547452,46451558722,,0
False,,,Ex3rcice,76561198168198200,False,False,19.200182,15,109,0,True,head,False,False,0,0,False,219592,kyousuke,76561199032006224,ak47,17293822569163063303,45317827930,,0
True,TeSeS,76561197996678278,kyxsan,76561198057282432,False,False,14.992951,5,24,0,False,chest,False,False,0,0,False,219625,Maka,76561198045739761,m4a1_silencer,17293822569119350844,35051087783,,0
False,,,m0NESY,76561198074762801,False,False,20.641857,4,323,0,True,head,False,False,1,0,False,219873,Graviti,76561198179538505,awp,17293822569125249033,43287757702,,0
False,m0NESY,76561198074762801,kyxsan,76561198057282432,False,False,16.213703,18,85,0,True,head,False,False,0,0,False,221483,bodyy,76561198013295375,m4a1_silencer,17293822569119350844,35051087783,,0
False,,,Ex3rcice,76561198168198200,False,False,15.07689,15,109,0,True,head,False,False,0,0,False,221603,m0NESY,76561198074762801,ak47,17293822569163063303,45317827930,,0
False,kyousuke,76561199032006224,kyxsan,76561198057282432,False,False,5.0140347,19,91,0,True,head,False,False,0,0,False,221613,Ex3rcice,76561198168198200,m4a1_silencer,17293822569119350844,35051087783,,0
False,,,NiKo,76561198041683378,False,False,7.870541,16,111,0,True,head,False,False,0,0,True,224911,bodyy,76561198013295375,ak47,17293822569163063303,45317827930,,0
False,,,NiKo,76561198041683378,False,False,18.273487,4,34,0,False,stomach,False,False,0,0,True,225322,Ex3rcice,76561198168198200,ak47,17293822569163063303,45317827930,,0
False,,,Graviti,76561198179538505,False,False,13.677187,0,141,0,True,head,False,False,0,0,False,226653,kyxsan,76561198057282432,ak47,17293822569122496519,46723916441,,0
False,bodyy,76561198013295375,Lucky,76561198031890115,False,False,12.453106,15,109,0,True,head,False,False,0,0,True,226833,NiKo,76561198041683378,ak47,17293822569121185799,40075636079,,0
False,,,kyousuke,76561199032006224,False,False,22.524284,15,108,0,True,head,False,False,0,0,False,228231,Graviti,76561198179538505,ak47,17293822569168502791,41914159241,,0
False,Graviti,76561198179538505,Lucky,76561198031890115,False,False,25.4669,3,27,0,False,chest,False,False,0,0,False,228279,kyousuke,76561199032006224,ak47,17293822569121185799,40075636079,,0
False,kyousuke,76561199032006224,TeSeS,76561197996678278,False,False,7.622099,5,25,0,False,chest,False,False,0,0,False,229544,Lucky,76561198031890115,m4a1_silencer,17293822569119547452,46451558722,,0
False,NiKo,76561198041683378,m0NESY,76561198074762801,False,False,7.786612,5,103,0,True,head,False,False,0,0,False,230761,Maka,76561198045739761,fiveseven,17293822569145958403,27162336573,,0
False,,,NiKo,76561198041683378,False,False,30.240294,6,28,0,False,stomach,False,False,0,0,True,233322,Ex3rcice,76561198168198200,m4a1_silencer,17293822569167192124,27275000159,,0
False,,,NiKo,76561198041683378,False,False,8.380133,5,26,0,False,chest,False,False,0,0,False,233464,bodyy,76561198013295375,m4a1_silencer,17293822569167192124,27275000159,,0
False,Ex3rcice,76561198168198200,Graviti,76561198179538505,False,False,25.929134,0,26,0,False,right_leg,False,False,0,0,False,233464,NiKo,76561198041683378,ak47,17293822569114501127,35423584238,,0
False,kyousuke,76561199032006224,m0NESY,76561198074762801,False,False,40.807648,0,58,0,False,chest,False,False,1,0,False,234500,Maka,76561198045739761,awp,17293822569114107913,23868627506,,0
False,,,m0NESY,76561198074762801,False,False,22.028728,1,111,0,False,chest,False,False,0,0,True,235225,Lucky,76561198031890115,awp,17293822569114107913,23868627506,,0
False,NiKo,76561198041683378,kyousuke,76561199032006224,False,False,4.9720654,5,34,0,False,stomach,False,False,0,0,False,235373,Graviti,76561198179538505,ak47,17293822569121185799,40075636079,,0
False,,,Lucky,76561198031890115,False,False,17.947296,5,24,0,False,chest,False,False,0,0,False,238210,kyousuke,76561199032006224,m4a1_silencer,17293822569169354812,44381482751,,0
False,,,Lucky,76561198031890115,False,False,7.33154,19,89,0,True,head,False,False,0,0,False,239974,NiKo,76561198041683378,m4a1_silencer,17293822569169354812,44381482751,,0
False,,,kyxsan,76561198057282432,False,False,7.414067,16,110,0,True,head,False,False,0,0,False,240420,Graviti,76561198179538505,ak47,17293822569173942279,46678859076,,0
False,,,TeSeS,76561197996678278,False,False,18.840103,15,109,0,True,head,False,False,0,0,False,240495,Ex3rcice,76561198168198200,ak47,17293822569165553671,23868618176,,0
False,,,kyxsan,76561198057282432,False,False,18.071268,15,108,0,True,head,False,False,0,0,False,240680,Lucky,76561198031890115,ak47,17293822569173942279,46678859076,,0
False,Lucky,76561198031890115,bodyy,76561198013295375,False,False,24.565641,6,29,0,False,stomach,False,False,0,0,False,241162,kyxsan,76561198057282432,m4a1_silencer,17293822569126297660,27014592601,,0
False,,,Maka,76561198045739761,False,False,16.524223,1,111,0,False,right_arm,False,False,0,0,False,241573,TeSeS,76561197996678278,awp,17293822569131933705,41389322764,,0
False,,,bodyy,76561198013295375,False,False,27.344229,6,29,0,False,stomach,False,False,0,0,False,242953,m0NESY,76561198074762801,m4a1_silencer,17293822569126297660,27014592601,,0
False,,,NiKo,76561198041683378,False,False,25.515638,36,54,0,False,generic,False,False,0,0,False,245731,Lucky,76561198031890115,hegrenade,,,,0
False,,,kyousuke,76561199032006224,False,False,16.185944,4,34,0,False,stomach,False,False,0,0,False,246722,Ex3rcice,76561198168198200,ak47,17293822569150152711,41166387524,,0
False,,,Maka,76561198045739761,False,False,26.24871,1,137,0,False,stomach,False,False,0,0,False,247221,kyousuke,76561199032006224,awp,17293822569131933705,41389322764,,0
False,,,m0NESY,76561198074762801,False,False,27.728794,1,110,0,False,chest,False,False,0,0,False,247628,Graviti,76561198179538505,awp,17293822569125249033,43287757702,,0
False,,,Maka,76561198045739761,False,False,20.96762,1,100,0,False,stomach,False,False,1,0,False,247802,TeSeS,76561197996678278,awp,17293822569131933705,41389322764,,0
False,,,bodyy,76561198013295375,False,False,25.255512,15,108,0,True,head,False,False,0,0,False,248673,kyxsan,76561198057282432,ak47,17293822569173942279,46678859076,,0
False,kyxsan,76561198057282432,m0NESY,76561198074762801,False,False,24.58995,1,110,0,False,chest,False,False,0,0,False,249458,bodyy,76561198013295375,awp,17293822569125249033,43287757702,,0
False,NiKo,76561198041683378,m0NESY,76561198074762801,False,False,33.671368,1,109,0,False,chest,False,False,0,0,True,250744,Maka,76561198045739761,awp,17293822569125249033,43287757702,,0
False,Graviti,76561198179538505,m0NESY,76561198074762801,False,False,0.0,0,17,0,False,chest,True,False,0,0,False,251232,m0NESY,76561198074762801,world,,,,0
False,,,,,False,False,0.0,78,448,0,False,generic,False,False,0,0,False,251804,NiKo,76561198041683378,planted_c4,,,,0
